numero_proceso,nombre_proceso,tipo_proceso,fecha_apertura,estado,unidad_ejecutora,servicio_administrativo_financiero,process_url,process_href,detail_status,detail_text
41-0024-CDI26,"Adquisición de electrodoméstico, equipos de climatización y bienes de oficina",Contratación Directa,05/10/2026 06:00 Hrs.,Publicado,41 - División Compras y Contrataciones-IGN,450 - Instituto Geográfico Nacional,,"javascript:__doPostBack('ctl00$CPH1$GridListaPliegosAperturaProxima$ctl02$lnkNumeroProceso','')",NO_DIRECT_URL,
38/19-0441-LPU26,JEMI NUEVO LLAMADO SERVICIO DE REPARACION E IMPERMEABILIZACION DE LA TERRAZA DEL PISO 15 EDLI.,Licitación Pública,05/10/2026 07:00 Hrs.,Publicado,38/19 - División Contrataciones del Cuartel General del EMGA,379 - Estado Mayor General de la Armada,,"javascript:__doPostBack('ctl00$CPH1$GridListaPliegosAperturaProxima$ctl03$lnkNumeroProceso','')",NO_DIRECT_URL,
40/43-0703-CDI26,SERVICIO DE VOLQUETES PARA EL LICEO AERONAUTICO MILITAR,Contratación Directa,05/10/2026 08:00 Hrs.,Publicado,40/043 - LICEO AERONAUTICO MILITAR,381 - Estado Mayor General de La Fuerza Aérea,,"javascript:__doPostBack('ctl00$CPH1$GridListaPliegosAperturaProxima$ctl04$lnkNumeroProceso','')",NO_DIRECT_URL,
38/25-1140-LPR26,SERVICIO DE AUDITORIA PARA ACTUALIZAR LA HABILITACIÓN DE LAS INSTALACIONES DE LA AEROPLANTA BAPI,Licitación Privada,05/10/2026 08:00 Hrs.,Publicado,38/25 - Base Aeronaval Comandante espora,379 - Estado Mayor General de la Armada,,"javascript:__doPostBack('ctl00$CPH1$GridListaPliegosAperturaProxima$ctl05$lnkNumeroProceso','')",NO_DIRECT_URL,
84/128-0664-LPU26,ADQUISICIÓN DE PRODUCTOS CÁRNICOS PARA UNIDADES DEL AMBA,Licitación Pública,05/10/2026 08:00 Hrs.,Publicado,84/128 - Dirección General de Intendencia,374 - Estado Mayor General del Ejercito,,"javascript:__doPostBack('ctl00$CPH1$GridListaPliegosAperturaProxima$ctl06$lnkNumeroProceso','')",NO_DIRECT_URL,
340/1-0043-LPU26,ADQUISICIÓN DE EFECTOS DE ELECTRICIDAD Y BATERÍAS – SOSTÉN LOGÍSTICO ANTÁRTICO,Licitación Pública,05/10/2026 08:00 Hrs.,Publicado,340/001 - Dirección General de Administración - SSSLD,376 - Subsecretaría de Planeamiento Operativo y Servicio Logístico de la Defensa,,"javascript:__doPostBack('ctl00$CPH1$GridListaPliegosAperturaProxima$ctl07$lnkNumeroProceso','')",NO_DIRECT_URL,
84/33-1467-LPR26,ADQUISICIÓN DE CORTINAS BLACK OUT ROLLER,Licitación Privada,05/10/2026 08:00 Hrs.,Publicado,84/33 - DIRECCION DE INTELIGENCIA OPERACIONAL,374 - Estado Mayor General del Ejercito,,"javascript:__doPostBack('ctl00$CPH1$GridListaPliegosAperturaProxima$ctl08$lnkNumeroProceso','')",NO_DIRECT_URL,
74/35-0434-LPR26,Adquisición de artículos de limpieza para el PN Copo.,Licitación Privada,05/10/2026 08:00 Hrs.,Publicado,74/35 - Parque Nacional Copo,107 - Administración de Parques Nacionales,,"javascript:__doPostBack('ctl00$CPH1$GridListaPliegosAperturaProxima$ctl09$lnkNumeroProceso','')",NO_DIRECT_URL,
38/37-1078-LPR26,"ELEMENTOS DE PROTECCION PERSONAL, INDUMENTARIA DE TRABAJO Y CARTELERIA DE SEGURIDAD PARA HNPB",Licitación Privada,05/10/2026 08:30 Hrs.,Publicado,38/37 - Hospital Naval Puerto Belgrano,379 - Estado Mayor General de la Armada,,"javascript:__doPostBack('ctl00$CPH1$GridListaPliegosAperturaProxima$ctl10$lnkNumeroProceso','')",NO_DIRECT_URL,
84/6-0659-LPU26,ADQUISICIÓN DE MOCHILAS Y BOTIQUINES TÁCTICOS DE ATENCIÓN INICIAL DEL TRAUMA - DGS 2026,Licitación Pública,05/10/2026 08:30 Hrs.,Publicado,84/06 - Dirección General de Salud,374 - Estado Mayor General del Ejercito,,"javascript:__doPostBack('ctl00$CPH1$GridListaPliegosAperturaProxima$ctl11$lnkNumeroProceso','')",NO_DIRECT_URL,
84/37-1381-LPR26,SERVICIO DE ESTERILIZACIÓN,Licitación Privada,05/10/2026 09:00 Hrs.,Publicado,84/37 - Hospital Militar Regional Córdoba,374 - Estado Mayor General del Ejercito,,"javascript:__doPostBack('ctl00$CPH1$GridListaPliegosAperturaProxima$ctl02$lnkNumeroProceso','')",NO_DIRECT_URL,
40/24-0783-CDI26,Servicio de alquiler de grúa para la IX Brigada Aérea (Nuevo Llamado),Contratación Directa,05/10/2026 09:00 Hrs.,Publicado,40/024 - UOC CRV,381 - Estado Mayor General de La Fuerza Aérea,,"javascript:__doPostBack('ctl00$CPH1$GridListaPliegosAperturaProxima$ctl03$lnkNumeroProceso','')",NO_DIRECT_URL,
84/41-1461-LPR26,CONFECCION DE PRESENTES PROTOCOLARES PARA LA CONTADURIA GENERAL DEL EJERCITO,Licitación Privada,05/10/2026 09:00 Hrs.,Publicado,84/41 - Contaduría general del Ejercito,374 - Estado Mayor General del Ejercito,,"javascript:__doPostBack('ctl00$CPH1$GridListaPliegosAperturaProxima$ctl04$lnkNumeroProceso','')",NO_DIRECT_URL,
38/6-1115-LPR26,ADQUISICION DEL RECARGA Y MANTENIMIENTO DE MATAFUEGOS ADRG AÑO 2026,Licitación Privada,05/10/2026 09:00 Hrs.,Publicado,38/6 - INTENDENCIA NAVAL USHUAIA,379 - Estado Mayor General de la Armada,,"javascript:__doPostBack('ctl00$CPH1$GridListaPliegosAperturaProxima$ctl05$lnkNumeroProceso','')",NO_DIRECT_URL,
35-0015-LPU26,Adquisición de hardware para el Servicio de Hidrografía Naval.,Licitación Pública,05/10/2026 09:00 Hrs.,Publicado,35/000 - Dirección General de Administración - MD,370 - Ministerio de Defensa,,"javascript:__doPostBack('ctl00$CPH1$GridListaPliegosAperturaProxima$ctl06$lnkNumeroProceso','')",NO_DIRECT_URL,
84/129-0628-LPU26,ADQUISICION DE EQUIPOS DE PROTECCION PERSONAL PARA EL B ARS 602 PLANTA TAM 2C,Licitación Pública,05/10/2026 09:00 Hrs.,Publicado,84/129 - Dirección de Arsenales,374 - Estado Mayor General del Ejercito,,"javascript:__doPostBack('ctl00$CPH1$GridListaPliegosAperturaProxima$ctl07$lnkNumeroProceso','')",NO_DIRECT_URL,
38/12-0433-LPU26,ADQUISICIÓN DE ENFRIADORES DE AGUA MEKO 360 PARA UNIDADES DEPENDIENTES DEL COFM / ARA,Licitación Pública,05/10/2026 09:00 Hrs.,Publicado,38/12 - Comando de la Flota de Mar,379 - Estado Mayor General de la Armada,,"javascript:__doPostBack('ctl00$CPH1$GridListaPliegosAperturaProxima$ctl08$lnkNumeroProceso','')",NO_DIRECT_URL,
40/24-0762-CDI26,ADQUISICION DE ELEMENTOS DE LIMPIEZA PARA EL G2 COM,Contratación Directa,05/10/2026 09:00 Hrs.,Publicado,40/024 - UOC CRV,381 - Estado Mayor General de La Fuerza Aérea,,"javascript:__doPostBack('ctl00$CPH1$GridListaPliegosAperturaProxima$ctl09$lnkNumeroProceso','')",NO_DIRECT_URL,
38/1-0395-LPU26,"Adquisición de filtros de aceite, perno pistón, válvulas y otros elementos afines.",Licitación Pública,05/10/2026 09:30 Hrs.,Publicado,38/01 - ARSENAL NAVAL PUERTO BELGRANO,379 - Estado Mayor General de la Armada,,"javascript:__doPostBack('ctl00$CPH1$GridListaPliegosAperturaProxima$ctl10$lnkNumeroProceso','')",NO_DIRECT_URL,
84/142-0638-LPU26,SERVICIO DE MANTENIMIENTO Y REPARACIÓN DE INFRAESTRUCTURAS – RA1 (ALOJAMIENTO FEMENINO),Licitación Pública,05/10/2026 10:00 Hrs.,Publicado,84/142 - Regimiento de Artillería 1,374 - Estado Mayor General del Ejercito,,"javascript:__doPostBack('ctl00$CPH1$GridListaPliegosAperturaProxima$ctl11$lnkNumeroProceso','')",NO_DIRECT_URL,
34-0009-LPU26,Servicio de Mantenimiento para centrales telefónicas,Licitación Pública,05/10/2026 10:00 Hrs.,Publicado,34/000 - Dirección General de Administración - MHA,357 - Ministerio de Economía,,"javascript:__doPostBack('ctl00$CPH1$GridListaPliegosAperturaProxima$ctl02$lnkNumeroProceso','')",NO_DIRECT_URL,
47-0133-CDI26,Servicio de mano de obra con provisión de materiales recambio de cielorraso SUM,Contratación Directa,05/10/2026 10:00 Hrs.,Publicado,47 - Dpto. de Compras y Servicios- INIDEP,607 - Instituto Nacional de Investigación y Desarrollo Pesquero,,"javascript:__doPostBack('ctl00$CPH1$GridListaPliegosAperturaProxima$ctl03$lnkNumeroProceso','')",NO_DIRECT_URL,
509/4-0035-CDI26,Servicio de limpieza de tanques de reserva y bombeo y análisis de agua para consumo.,Contratación Directa,05/10/2026 10:00 Hrs.,Publicado,509/4 - Compras y Contrataciones - Hospital Nac Lic Laura Bonaparte,919 - ADMINISTRACION NACIONAL DE ESTABLECIMIENTOS DE SALUD,,"javascript:__doPostBack('ctl00$CPH1$GridListaPliegosAperturaProxima$ctl04$lnkNumeroProceso','')",NO_DIRECT_URL,
32-0003-LPU26,Provisión de dispensers y botellones de agua potable alcanzado por el Protocolo del Mercosur,Licitación Pública,05/10/2026 10:00 Hrs.,Publicado,32/000 - Dirección General de Administración - MJyDDHH,332 - Ministerio de Justicia y Derechos Humanos,,"javascript:__doPostBack('ctl00$CPH1$GridListaPliegosAperturaProxima$ctl05$lnkNumeroProceso','')",NO_DIRECT_URL,
74/3-0413-LPR26,Provisión de botellones de agua de 20 litros para el Parque Nacional Lanín x 3 meses,Licitación Privada,05/10/2026 10:00 Hrs.,Publicado,74/003 - Parque Nacional Lanin,107 - Administración de Parques Nacionales,,"javascript:__doPostBack('ctl00$CPH1$GridListaPliegosAperturaProxima$ctl06$lnkNumeroProceso','')",NO_DIRECT_URL,
87-0067-CDI26,Contratación de Servicio de Alquiler de dispensers de agua potable para las dependencias del INCAA,Contratación Directa,05/10/2026 10:00 Hrs.,Publicado,"87 - Coordinación de Compras, Contrataciones y Servicios Generales - INCAA",801 - Instituto Nacional de Cine y Artes Audiovisuales - INCAA,,"javascript:__doPostBack('ctl00$CPH1$GridListaPliegosAperturaProxima$ctl07$lnkNumeroProceso','')",NO_DIRECT_URL,
87-0064-CDI26,Compra de Discos Rígidos para la oficina de Postproducción– ENERC,Contratación Directa,05/10/2026 10:00 Hrs.,Publicado,"87 - Coordinación de Compras, Contrataciones y Servicios Generales - INCAA",801 - Instituto Nacional de Cine y Artes Audiovisuales - INCAA,,"javascript:__doPostBack('ctl00$CPH1$GridListaPliegosAperturaProxima$ctl08$lnkNumeroProceso','')",NO_DIRECT_URL,
37/140-0975-CDI26,ADQUISICION DE SERVICIO DE RECARGA DE MATAFUEGOS,Contratación Directa,05/10/2026 10:00 Hrs.,Publicado,"37/140 - ESCUADRON 66 ""SAN JUAN""",375 - Gendarmeria Nacional,,"javascript:__doPostBack('ctl00$CPH1$GridListaPliegosAperturaProxima$ctl09$lnkNumeroProceso','')",NO_DIRECT_URL,
37/51-0886-CDI26,ADQUISICIÓN DE SERVICIO DE MANTENIMIENTO Y REPARACION DE VEHÍCULO,Contratación Directa,05/10/2026 10:00 Hrs.,Publicado,"37/051 - Escuadrón 27 ""Uspallata""",375 - Gendarmeria Nacional,,"javascript:__doPostBack('ctl00$CPH1$GridListaPliegosAperturaProxima$ctl10$lnkNumeroProceso','')",NO_DIRECT_URL,
38/38-0994-LPR26,ADQUISICION DE SERVICIO DE INFORMES MEDICOS PARA LA DIVISION RADIALOGIA DEL HNPM.,Licitación Privada,05/10/2026 10:00 Hrs.,Publicado,38/38 - MINISTERIO DE DEFENSA - ARMADA ARGENTINA - HOSPITAL NAVAL BUENOS AIRES CIRUJANO MAYOR DOCTOR PEDRO MALLO,379 - Estado Mayor General de la Armada,,"javascript:__doPostBack('ctl00$CPH1$GridListaPliegosAperturaProxima$ctl11$lnkNumeroProceso','')",NO_DIRECT_URL,
38/38-1079-LPR26,ADQUISICION DE MATERIALES PARA ODONTOLOGIA,Licitación Privada,05/10/2026 10:00 Hrs.,Publicado,38/38 - MINISTERIO DE DEFENSA - ARMADA ARGENTINA - HOSPITAL NAVAL BUENOS AIRES CIRUJANO MAYOR DOCTOR PEDRO MALLO,379 - Estado Mayor General de la Armada,,"javascript:__doPostBack('ctl00$CPH1$GridListaPliegosAperturaProxima$ctl02$lnkNumeroProceso','')",NO_DIRECT_URL,
38/18-1136-LPR26,"ADQUISICIÓN DE ELEMENTOS DE BLANQUERÍA E INSUMOS TEXTILES PARA EL BUQUE ESCUELA FRAGATA ""LIBERTAD"".",Licitación Privada,05/10/2026 10:00 Hrs.,Publicado,38/18 - Division Contrataciones - Comando de Transportes Navales,379 - Estado Mayor General de la Armada,,"javascript:__doPostBack('ctl00$CPH1$GridListaPliegosAperturaProxima$ctl03$lnkNumeroProceso','')",NO_DIRECT_URL,
74/52-0423-LPR26,Adquisición de artículos de limpieza para el Parque Federal Campo San Juan.,Licitación Privada,05/10/2026 10:00 Hrs.,Publicado,74/52 - PARQUE FEDERAL CAMPO SAN JUAN,107 - Administración de Parques Nacionales,,"javascript:__doPostBack('ctl00$CPH1$GridListaPliegosAperturaProxima$ctl04$lnkNumeroProceso','')",NO_DIRECT_URL,
59-0013-CDI26,"Adquisición de artefactos de iluminación para la Sede ""Alsina"" del Fondo Nacional de las Artes.",Contratación Directa,05/10/2026 10:00 Hrs.,Publicado,59 - Compras-FNA,802 - Fondo Nacional de las Artes,,"javascript:__doPostBack('ctl00$CPH1$GridListaPliegosAperturaProxima$ctl05$lnkNumeroProceso','')",NO_DIRECT_URL,
47-0118-CDI26,"Adquisición bomba peristáltica, cabezales y manguera siliconada",Contratación Directa,05/10/2026 10:00 Hrs.,Publicado,47 - Dpto. de Compras y Servicios- INIDEP,607 - Instituto Nacional de Investigación y Desarrollo Pesquero,,"javascript:__doPostBack('ctl00$CPH1$GridListaPliegosAperturaProxima$ctl06$lnkNumeroProceso','')",NO_DIRECT_URL,
53-0018-CDI26,ADQ BATERIAS PARA LA RED NACIONAL DE DINPRS,Contratación Directa,05/10/2026 10:00 Hrs.,Publicado,Servicio Geológico Minero Argentino - Dir. Administración y Finanzas - Compras,624 - Servicio Geológico Minero Argentino,,"javascript:__doPostBack('ctl00$CPH1$GridListaPliegosAperturaProxima$ctl07$lnkNumeroProceso','')",NO_DIRECT_URL,
92-0031-CDI26,REPARACION DE BOMBA JOCKEY PERTENECIENTE A LA BNMM,Contratación Directa,05/10/2026 11:00 Hrs.,Publicado,92 - Departamento de Compras y Contrataciones- BN,116 - Biblioteca Nacional,,"javascript:__doPostBack('ctl00$CPH1$GridListaPliegosAperturaProxima$ctl08$lnkNumeroProceso','')",NO_DIRECT_URL,
80-0040-LPU26,Adquisición de Reactivos de Serología de VIH e ITS,Licitación Pública,05/10/2026 11:00 Hrs.,Publicado,80/000 - Dirección General de Administración - MS,310 - Ministerio de Salud,,"javascript:__doPostBack('ctl00$CPH1$GridListaPliegosAperturaProxima$ctl09$lnkNumeroProceso','')",NO_DIRECT_URL,
63-0012-LPU26,Adquisición de insumos para pintura,Licitación Pública,05/10/2026 11:00 Hrs.,Publicado,63/000 - Dirección de Contrataciones - ANSES II,850 - Administración Nacional de la Seguridad Social,,"javascript:__doPostBack('ctl00$CPH1$GridListaPliegosAperturaProxima$ctl10$lnkNumeroProceso','')",NO_DIRECT_URL,
68-0009-LPU26,Adquisición de drogas y productos químicos - INEIA (ALCANZADO POR EL PROTOCOLO MERCOSUR),Licitación Pública,05/10/2026 11:00 Hrs.,Publicado,68/00 - Departamento de Administracion de Bienes - ANLIS,906 - Administración Nacional de Laboratorios e Institutos de Salud “Dr. Carlos Malbrán”,,"javascript:__doPostBack('ctl00$CPH1$GridListaPliegosAperturaProxima$ctl11$lnkNumeroProceso','')",NO_DIRECT_URL,
47-0017-LPR26,Adquisición de artículos de artes de pesca para los buques de investigación pesquera del INIDEP,Licitación Privada,05/10/2026 11:00 Hrs.,Publicado,47 - Dpto. de Compras y Servicios- INIDEP,607 - Instituto Nacional de Investigación y Desarrollo Pesquero,,"javascript:__doPostBack('ctl00$CPH1$GridListaPliegosAperturaProxima$ctl02$lnkNumeroProceso','')",NO_DIRECT_URL,
78-0005-LPU26,Servicio de mantenimiento de máquinas marca Muhelbauer y equipos auxiliares para producción de DNI.,Licitación Pública,05/10/2026 12:00 Hrs.,Publicado,78/000 - División Compras,200 - Registro Nacional de las Personas,,"javascript:__doPostBack('ctl00$CPH1$GridListaPliegosAperturaProxima$ctl03$lnkNumeroProceso','')",NO_DIRECT_URL,
46/15-0152-CDI26,SERVICIO DE GOMERÍA PARA UNIDADES LIVIANAS Y PESADAS DEL 15° DISTRITO MISIONES,Contratación Directa,05/10/2026 12:00 Hrs.,Publicado,46/15 - 15° Misiones - DNV,604 - Dirección Nacional de Vialidad,,"javascript:__doPostBack('ctl00$CPH1$GridListaPliegosAperturaProxima$ctl04$lnkNumeroProceso','')",NO_DIRECT_URL,
68-0108-CDI26,Servicio de Acreditación para los Serv. Antifúngicos y Micobacterias pertenecientes al INEIA,Contratación Directa,05/10/2026 12:00 Hrs.,Publicado,68/00 - Departamento de Administracion de Bienes - ANLIS,906 - Administración Nacional de Laboratorios e Institutos de Salud “Dr. Carlos Malbrán”,,"javascript:__doPostBack('ctl00$CPH1$GridListaPliegosAperturaProxima$ctl05$lnkNumeroProceso','')",NO_DIRECT_URL,
21-0017-LPU26,Provisión y entrega de Sillas Cajeras para pasos fronterizos de la DNM,Licitación Pública,05/10/2026 12:00 Hrs.,Publicado,21/000 - Dirección General de Administración - DNM,201 - Dirección Nacional de Migraciones,,"javascript:__doPostBack('ctl00$CPH1$GridListaPliegosAperturaProxima$ctl06$lnkNumeroProceso','')",NO_DIRECT_URL,
49-0068-CDI26,Adquisición gases y alquiler de cilindros para Dpto. Laboratorio de la Delegacion Cordoba del INV.,Contratación Directa,05/10/2026 12:00 Hrs.,Publicado,49/00 - Instituto Nacional de Vitivinicultura,609 - Instituto Nacional de Vitivinicultura,,"javascript:__doPostBack('ctl00$CPH1$GridListaPliegosAperturaProxima$ctl07$lnkNumeroProceso','')",NO_DIRECT_URL,
76-0026-CDI26,ADQUISICIÓN DE PLACAS DE MADERA,Contratación Directa,05/10/2026 12:00 Hrs.,Publicado,76/000 - Gerencia de Administración y Capital Humano - SIGEN,109 - Sindicatura General de la Nación,,"javascript:__doPostBack('ctl00$CPH1$GridListaPliegosAperturaProxima$ctl08$lnkNumeroProceso','')",NO_DIRECT_URL,
78-0010-LPR26,Adquisición de mobiliario para laboratorio de impresión de DNI del Centro de Producción Documental.,Licitación Privada,05/10/2026 12:00 Hrs.,Publicado,78/000 - División Compras,200 - Registro Nacional de las Personas,,"javascript:__doPostBack('ctl00$CPH1$GridListaPliegosAperturaProxima$ctl09$lnkNumeroProceso','')",NO_DIRECT_URL,
76-0001-LPU26,"Adquisición de computadoras portátiles, computadoras de escritorio y monitores",Licitación Pública,05/10/2026 12:00 Hrs.,Publicado,76/000 - Gerencia de Administración y Capital Humano - SIGEN,109 - Sindicatura General de la Nación,,"javascript:__doPostBack('ctl00$CPH1$GridListaPliegosAperturaProxima$ctl10$lnkNumeroProceso','')",NO_DIRECT_URL,
45-0003-CDI26,Servicio de mantenimiento preventivo del grupo electrógeno CUMMINS POWER GENERATION C44 D5.,Contratación Directa,05/10/2026 15:00 Hrs.,Publicado,45 - Dirección General de Administración-SSN,603 - Superintendencia de Seguros de la Nación,,"javascript:__doPostBack('ctl00$CPH1$GridListaPliegosAperturaProxima$ctl11$lnkNumeroProceso','')",NO_DIRECT_URL,
38/19-0187-CDI26,DGED SERVICIO DE RENOVACIÓN ANUAL HOSTING PLATAFORMA EDUCATIVA,Contratación Directa,06/10/2026 07:00 Hrs.,Publicado,38/19 - División Contrataciones del Cuartel General del EMGA,379 - Estado Mayor General de la Armada,,"javascript:__doPostBack('ctl00$CPH1$GridListaPliegosAperturaProxima$ctl02$lnkNumeroProceso','')",NO_DIRECT_URL,
74/44-0450-LPR26,ADQUISICIÓN DE NEUMÁTICOS PARA EL PARQUE NACIONAL EL IMPENETRABLE,Licitación Privada,06/10/2026 07:00 Hrs.,Publicado,74/44 - Parque Nacional el Impenetrable,107 - Administración de Parques Nacionales,,"javascript:__doPostBack('ctl00$CPH1$GridListaPliegosAperturaProxima$ctl03$lnkNumeroProceso','')",NO_DIRECT_URL,
38/17-1157-LPR26,SERVICIO PROVISIÓN DE INTERNET Y SERVICIO DE HOSTING/VPS/ PLATAFORMA EDUCACIÓN A DISTANCIA DE ESNM,Licitación Privada,06/10/2026 08:00 Hrs.,Publicado,38/17 - Escuela Naval Militar,379 - Estado Mayor General de la Armada,,"javascript:__doPostBack('ctl00$CPH1$GridListaPliegosAperturaProxima$ctl04$lnkNumeroProceso','')",NO_DIRECT_URL,
84/37-0643-LPU26,SERVICIO DE PROVISIÓN DE REACTIVOS CON EQUIPO DE QUÍMICA CLÍNICA EN COMODATO,Licitación Pública,06/10/2026 08:00 Hrs.,Publicado,84/37 - Hospital Militar Regional Córdoba,374 - Estado Mayor General del Ejercito,,"javascript:__doPostBack('ctl00$CPH1$GridListaPliegosAperturaProxima$ctl05$lnkNumeroProceso','')",NO_DIRECT_URL,
40/5-0786-CDI26,ELEMENTOS DE FERRETERIA Y HERRAMIENTAS (ESCUADRON BASE),Contratación Directa,06/10/2026 08:00 Hrs.,Publicado,40/005 - BASE AEREA MILITAR MORON,381 - Estado Mayor General de La Fuerza Aérea,,"javascript:__doPostBack('ctl00$CPH1$GridListaPliegosAperturaProxima$ctl06$lnkNumeroProceso','')",NO_DIRECT_URL,
38/31-0436-LPU26,ADQUISICION DE INSUMOS PARA SERVIDORES,Licitación Pública,06/10/2026 08:00 Hrs.,Publicado,38/31 - DIRECCION GENERAL DE INTELIGENCIA DE LA ARMADA,379 - Estado Mayor General de la Armada,,"javascript:__doPostBack('ctl00$CPH1$GridListaPliegosAperturaProxima$ctl07$lnkNumeroProceso','')",NO_DIRECT_URL,
84/32-0679-LPU26,ADQUISICION DE EQUIPOS MOBILIARIOS,Licitación Pública,06/10/2026 08:00 Hrs.,Publicado,84/32 - Liceo Militar General Araoz de Lamadrid,374 - Estado Mayor General del Ejercito,,"javascript:__doPostBack('ctl00$CPH1$GridListaPliegosAperturaProxima$ctl08$lnkNumeroProceso','')",NO_DIRECT_URL,
38/17-1128-LPR26,ADQUISICIÓN DE EQUIPAMIENTO PARA SERVICIOS GENERALES Y MANTENIMIENTO DE LA ESNM,Licitación Privada,06/10/2026 08:00 Hrs.,Publicado,38/17 - Escuela Naval Militar,379 - Estado Mayor General de la Armada,,"javascript:__doPostBack('ctl00$CPH1$GridListaPliegosAperturaProxima$ctl09$lnkNumeroProceso','')",NO_DIRECT_URL,
38/17-1141-LPR26,ADQUISICIÓN DE EQUIPAMIENTO GASTRONÓMICO Y CONSERVACIÓN DE ALIMENTOS PARA LA ESCUELA NAVAL MILITAR,Licitación Privada,06/10/2026 08:00 Hrs.,Publicado,38/17 - Escuela Naval Militar,379 - Estado Mayor General de la Armada,,"javascript:__doPostBack('ctl00$CPH1$GridListaPliegosAperturaProxima$ctl10$lnkNumeroProceso','')",NO_DIRECT_URL,
37/60-0928-CDI26,ADQUISICIÓN DE ELEMENTOS PARA HERRAJE,Contratación Directa,06/10/2026 08:00 Hrs.,Publicado,"37/060 - Escuadrón 33 ""San Martin De Los Andes""",375 - Gendarmeria Nacional,,"javascript:__doPostBack('ctl00$CPH1$GridListaPliegosAperturaProxima$ctl11$lnkNumeroProceso','')",NO_DIRECT_URL,
38/31-0425-LPU26,ADQUISICIÓN DE ELEMENTOS DE INFORMATICA PARA LA DIRECCIÓN,Licitación Pública,06/10/2026 08:00 Hrs.,Publicado,38/31 - DIRECCION GENERAL DE INTELIGENCIA DE LA ARMADA,379 - Estado Mayor General de la Armada,,"javascript:__doPostBack('ctl00$CPH1$GridListaPliegosAperturaProxima$ctl02$lnkNumeroProceso','')",NO_DIRECT_URL,
74/16-0432-LPR26,ADQUISICIÓN CÁMARA DIGITAL PORTÁTIL ESTABILIZADA,Licitación Privada,06/10/2026 08:00 Hrs.,Publicado,74/16 - Delegación Centro DRC - APN,107 - Administración de Parques Nacionales,,"javascript:__doPostBack('ctl00$CPH1$GridListaPliegosAperturaProxima$ctl03$lnkNumeroProceso','')",NO_DIRECT_URL,
38/37-0186-CDI26,SERVICIO DE MANTENIMIENTO PREVENTIVO Y CORRECTIVO DEL SISTEMA DE GESTION DE LABORATORIO (DNLAB),Contratación Directa,06/10/2026 08:30 Hrs.,Publicado,38/37 - Hospital Naval Puerto Belgrano,379 - Estado Mayor General de la Armada,,"javascript:__doPostBack('ctl00$CPH1$GridListaPliegosAperturaProxima$ctl04$lnkNumeroProceso','')",NO_DIRECT_URL,
84/37-1379-LPR26,SERVICIO DE MANTENIMIENTO DE GRUPOS ELECTRÓGENOS,Licitación Privada,06/10/2026 09:00 Hrs.,Publicado,84/37 - Hospital Militar Regional Córdoba,374 - Estado Mayor General del Ejercito,,"javascript:__doPostBack('ctl00$CPH1$GridListaPliegosAperturaProxima$ctl05$lnkNumeroProceso','')",NO_DIRECT_URL,
74/31-0439-LPR26,LICITACION “Instalación de alambrado perimetral en el PN Lihue Calel – Est. La Frontera”,Licitación Privada,06/10/2026 09:00 Hrs.,Publicado,74/31 - Parque Nacional Lihué Calel,107 - Administración de Parques Nacionales,,"javascript:__doPostBack('ctl00$CPH1$GridListaPliegosAperturaProxima$ctl06$lnkNumeroProceso','')",NO_DIRECT_URL,
74/31-0429-LPR26,Licitación “Equipamiento para el Parque Nacional Lihué Calel”,Licitación Privada,06/10/2026 09:00 Hrs.,Publicado,74/31 - Parque Nacional Lihué Calel,107 - Administración de Parques Nacionales,,"javascript:__doPostBack('ctl00$CPH1$GridListaPliegosAperturaProxima$ctl07$lnkNumeroProceso','')",NO_DIRECT_URL,
84/89-1430-LPR26,Adquisición de víveres especiales,Licitación Privada,06/10/2026 09:00 Hrs.,Publicado,84/89 - Dirección General de Educación,374 - Estado Mayor General del Ejercito,,"javascript:__doPostBack('ctl00$CPH1$GridListaPliegosAperturaProxima$ctl08$lnkNumeroProceso','')",NO_DIRECT_URL,
38/31-0181-CDI26,ADQUISICION DE UN (1) DESFIBRILADOR AUTOMATICO,Contratación Directa,06/10/2026 09:00 Hrs.,Publicado,38/31 - DIRECCION GENERAL DE INTELIGENCIA DE LA ARMADA,379 - Estado Mayor General de la Armada,,"javascript:__doPostBack('ctl00$CPH1$GridListaPliegosAperturaProxima$ctl09$lnkNumeroProceso','')",NO_DIRECT_URL,
84/89-1433-LPR26,Adquisición de presentes institucionales para la ESG,Licitación Privada,06/10/2026 09:00 Hrs.,Publicado,84/89 - Dirección General de Educación,374 - Estado Mayor General del Ejercito,,"javascript:__doPostBack('ctl00$CPH1$GridListaPliegosAperturaProxima$ctl10$lnkNumeroProceso','')",NO_DIRECT_URL,
39-0037-LPU26,ADQUISICIÓN DE PINTURAS Y SOLVENTES PARA MANTENIMIENTO DE LAS EMBARCACIONES DE LA INSTITUCIÓN.,Licitación Pública,06/10/2026 09:00 Hrs.,Publicado,39 - Dirección General de Administración- PNA,380 - Prefectura Naval Argentina,,"javascript:__doPostBack('ctl00$CPH1$GridListaPliegosAperturaProxima$ctl11$lnkNumeroProceso','')",NO_DIRECT_URL,
84/7-0544-LPU26,ADQUISICION DE PALAS DE ROTOR PRINCIPAL - AB206B1,Licitación Pública,06/10/2026 09:00 Hrs.,Publicado,84/07 - Dirección de Aviación de Ejercito - Ejercito Argentino,374 - Estado Mayor General del Ejercito,,"javascript:__doPostBack('ctl00$CPH1$GridListaPliegosAperturaProxima$ctl02$lnkNumeroProceso','')",NO_DIRECT_URL,
38/31-0182-CDI26,ADQUISICIÓN DE ELECTRODOMESTICOS,Contratación Directa,06/10/2026 09:00 Hrs.,Publicado,38/31 - DIRECCION GENERAL DE INTELIGENCIA DE LA ARMADA,379 - Estado Mayor General de la Armada,,"javascript:__doPostBack('ctl00$CPH1$GridListaPliegosAperturaProxima$ctl03$lnkNumeroProceso','')",NO_DIRECT_URL,
38/12-0985-LPR26,ADQUISICIÓN DE CELDAS DE BATERÍAS PARA ARRANQUE DE GENERADOR DE LA CORBETA A.R.A “GÓMEZ ROCA”,Licitación Privada,06/10/2026 09:00 Hrs.,Publicado,38/12 - Comando de la Flota de Mar,379 - Estado Mayor General de la Armada,,"javascript:__doPostBack('ctl00$CPH1$GridListaPliegosAperturaProxima$ctl04$lnkNumeroProceso','')",NO_DIRECT_URL,
72-0020-LPU26,ADQUISICIÓN DE AUTOBOMBA ARFF AEROTRANSPÓRTABLE PARA AEROPUERTO,Licitación Pública,06/10/2026 09:00 Hrs.,Publicado,72/00 - Dirección Administrativa Financiera- EMCFFAA- Dpto de contrataciones,371 - Estado Mayor Conjunto (EMCO),,"javascript:__doPostBack('ctl00$CPH1$GridListaPliegosAperturaProxima$ctl05$lnkNumeroProceso','')",NO_DIRECT_URL,
38/17-1183-LPR26,ADQUISICIÓN CHAPAS PARA RECAMBIO DE TECHOS DE LOS QUINCHOS DE LA ESCUELA NAVAL MILITAR,Licitación Privada,06/10/2026 09:00 Hrs.,Publicado,38/17 - Escuela Naval Militar,379 - Estado Mayor General de la Armada,,"javascript:__doPostBack('ctl00$CPH1$GridListaPliegosAperturaProxima$ctl06$lnkNumeroProceso','')",NO_DIRECT_URL,
38/1-0437-LPU26,"Adquisición de electrodos, alambre para soldadura, varillas y otros elementos afines.",Licitación Pública,06/10/2026 09:30 Hrs.,Publicado,38/01 - ARSENAL NAVAL PUERTO BELGRANO,379 - Estado Mayor General de la Armada,,"javascript:__doPostBack('ctl00$CPH1$GridListaPliegosAperturaProxima$ctl07$lnkNumeroProceso','')",NO_DIRECT_URL,
37/97-0208-LPR26,SERVICIO DE MANTENIMIENTO Y REPARACIÓN DE VEHÍCULOS,Licitación Privada,06/10/2026 10:00 Hrs.,Publicado,37/097 - Comando De Región IV,375 - Gendarmeria Nacional,,"javascript:__doPostBack('ctl00$CPH1$GridListaPliegosAperturaProxima$ctl08$lnkNumeroProceso','')",NO_DIRECT_URL,
34-0004-LPU26,Servicio de mantenimiento y provisión de compresores para equipos de aire acondicionado.,Licitación Pública,06/10/2026 10:00 Hrs.,Publicado,34/000 - Dirección General de Administración - MHA,357 - Ministerio de Economía,,"javascript:__doPostBack('ctl00$CPH1$GridListaPliegosAperturaProxima$ctl09$lnkNumeroProceso','')",NO_DIRECT_URL,
40/51-0126-LPU26,Servicio de Alquiler del sistema de video endoscopía de alta definición destinado al HACBA,Licitación Pública,06/10/2026 10:00 Hrs.,Publicado,Departamento Contrataciones Córdoba - UOC 40/51,381 - Estado Mayor General de La Fuerza Aérea,,"javascript:__doPostBack('ctl00$CPH1$GridListaPliegosAperturaProxima$ctl10$lnkNumeroProceso','')",NO_DIRECT_URL,
16-0017-CDI26,ROTULADORA PORTÁTIL Y CINTAS ROTULADORAS,Contratación Directa,06/10/2026 10:00 Hrs.,Publicado,16/000 - Dirección General de Administración-ARN,112 - Autoridad Regulatoria Nuclear,,"javascript:__doPostBack('ctl00$CPH1$GridListaPliegosAperturaProxima$ctl11$lnkNumeroProceso','')",NO_DIRECT_URL,
38/38-0173-CDI26,Recorrido y Certificación de Cámara Hiperbárica - INGENIERÍA CLÍNICA,Contratación Directa,06/10/2026 10:00 Hrs.,Publicado,38/38 - MINISTERIO DE DEFENSA - ARMADA ARGENTINA - HOSPITAL NAVAL BUENOS AIRES CIRUJANO MAYOR DOCTOR PEDRO MALLO,379 - Estado Mayor General de la Armada,,"javascript:__doPostBack('ctl00$CPH1$GridListaPliegosAperturaProxima$ctl02$lnkNumeroProceso','')",NO_DIRECT_URL,
47-0131-CDI26,Ejecución integral llave en mano modificación acceso principal INIDEP p/incorporar entrada vehicular,Contratación Directa,06/10/2026 10:00 Hrs.,Publicado,47 - Dpto. de Compras y Servicios- INIDEP,607 - Instituto Nacional de Investigación y Desarrollo Pesquero,,"javascript:__doPostBack('ctl00$CPH1$GridListaPliegosAperturaProxima$ctl03$lnkNumeroProceso','')",NO_DIRECT_URL,
46/17-0149-CDI26,"Desratización, desinsectación, desinfección Sede, Campamentos y Sub-Campamentos 17° Dto.",Contratación Directa,06/10/2026 10:00 Hrs.,Publicado,46/17 - 17° Entre Rios - DNV,604 - Dirección Nacional de Vialidad,,"javascript:__doPostBack('ctl00$CPH1$GridListaPliegosAperturaProxima$ctl04$lnkNumeroProceso','')",NO_DIRECT_URL,
84/7-0590-LPU26,CONTRATACIÓN DEL SERVICIO DE FORMACIÓN TÉCNICA EN MANTENIMIENTO AERONÁUTICO - B AB MANT AERON 601,Licitación Pública,06/10/2026 10:00 Hrs.,Publicado,84/07 - Dirección de Aviación de Ejercito - Ejercito Argentino,374 - Estado Mayor General del Ejercito,,"javascript:__doPostBack('ctl00$CPH1$GridListaPliegosAperturaProxima$ctl05$lnkNumeroProceso','')",NO_DIRECT_URL,
38/4-1154-LPR26,ADQUISICIÓN DE UNA CALDERA PARA LA BASE NAVAL MAR DEL PLATA,Licitación Privada,06/10/2026 10:00 Hrs.,Publicado,38/4 - INTENDENCIA NAVAL MAR DEL PLATA,379 - Estado Mayor General de la Armada,,"javascript:__doPostBack('ctl00$CPH1$GridListaPliegosAperturaProxima$ctl06$lnkNumeroProceso','')",NO_DIRECT_URL,
37/143-0923-CDI26,ADQUISICION DE TINTAS Y CARTUCHOS DE TONER,Contratación Directa,06/10/2026 10:00 Hrs.,Publicado,"37/143 - ESCUADRON 70 ""BAHIA BLANCA""",375 - Gendarmeria Nacional,,"javascript:__doPostBack('ctl00$CPH1$GridListaPliegosAperturaProxima$ctl07$lnkNumeroProceso','')",NO_DIRECT_URL,
52-0015-CDI26,ADQUISICIÓN DE INSUMOS E INTERLABORATORIOS EXCLUSIVOS DE LA FIRMA R-BIOPHARM LATINOAMERICA,Contratación Directa,06/10/2026 10:00 Hrs.,Publicado,52 - Coordinación de Compras y Contrataciones - SENASA,623 - Servicio Nacional de Sanidad y Calidad Agroalimentaria,,"javascript:__doPostBack('ctl00$CPH1$GridListaPliegosAperturaProxima$ctl08$lnkNumeroProceso','')",NO_DIRECT_URL,
72-0029-LPR26,ADQUISICION DE EQUIPOS DE SANIDAD PARA EL COMANDO CONJUNTO ANTARTICO,Licitación Privada,06/10/2026 10:00 Hrs.,Publicado,72/00 - Dirección Administrativa Financiera- EMCFFAA- Dpto de contrataciones,371 - Estado Mayor Conjunto (EMCO),,"javascript:__doPostBack('ctl00$CPH1$GridListaPliegosAperturaProxima$ctl09$lnkNumeroProceso','')",NO_DIRECT_URL,
72-0023-LPU26,ADQUISICIÓN DE EQUIPAMIENTO Y HERRAMIENTAS PARA EL APOYO DE BRIGADISTAS FORESTALES,Licitación Pública,06/10/2026 10:00 Hrs.,Publicado,72/00 - Dirección Administrativa Financiera- EMCFFAA- Dpto de contrataciones,371 - Estado Mayor Conjunto (EMCO),,"javascript:__doPostBack('ctl00$CPH1$GridListaPliegosAperturaProxima$ctl10$lnkNumeroProceso','')",NO_DIRECT_URL,
72-0028-LPR26,"ADQUISICIÓN DE DRONES, TABLETS Y EQUIPOS DE MEDICIÓN Y VISIÓN DESTINADOS AL APOYO OPERATIVO",Licitación Privada,06/10/2026 10:00 Hrs.,Publicado,72/00 - Dirección Administrativa Financiera- EMCFFAA- Dpto de contrataciones,371 - Estado Mayor Conjunto (EMCO),,"javascript:__doPostBack('ctl00$CPH1$GridListaPliegosAperturaProxima$ctl11$lnkNumeroProceso','')",NO_DIRECT_URL,
37/32-0860-CDI26,ADQUISICION DE AGUA ENVASADA POR 20 LITROS,Contratación Directa,06/10/2026 10:00 Hrs.,Publicado,"37/032 - Escuadrón 16 ""Clorinda""",375 - Gendarmeria Nacional,,"javascript:__doPostBack('ctl00$CPH1$GridListaPliegosAperturaProxima$ctl02$lnkNumeroProceso','')",NO_DIRECT_URL,
37-0089-LPU26,"""ADQUISICIÓN DE TERMOTANQUES DE 300 L A GAS, PARA LA ESCUELA DE SUBOF CABO RAUL REMBERTO CUELLO""",Licitación Pública,06/10/2026 10:00 Hrs.,Publicado,37/000 - Departamento Contrataciones,375 - Gendarmeria Nacional,,"javascript:__doPostBack('ctl00$CPH1$GridListaPliegosAperturaProxima$ctl03$lnkNumeroProceso','')",NO_DIRECT_URL,
46/17-0154-CDI26,Adquisición de herramientas menores para Sigma Puentes 17° Dto - E.Ríos,Contratación Directa,06/10/2026 11:00 Hrs.,Publicado,46/17 - 17° Entre Rios - DNV,604 - Dirección Nacional de Vialidad,,"javascript:__doPostBack('ctl00$CPH1$GridListaPliegosAperturaProxima$ctl04$lnkNumeroProceso','')",NO_DIRECT_URL,
68-0105-CDI26,ADQUISICIÓN DE CONEJOS BIOTIPO NEOZELANDES PARA LABORATORIO - INPB,Contratación Directa,06/10/2026 11:00 Hrs.,Publicado,68/00 - Departamento de Administracion de Bienes - ANLIS,906 - Administración Nacional de Laboratorios e Institutos de Salud “Dr. Carlos Malbrán”,,"javascript:__doPostBack('ctl00$CPH1$GridListaPliegosAperturaProxima$ctl05$lnkNumeroProceso','')",NO_DIRECT_URL,
31-0005-LPU26,Adquisición de Cocinas Industriales,Licitación Pública,06/10/2026 11:00 Hrs.,Publicado,31/000 - Direccion de Contrataciones - SPF,331 - Servicio Penitenciario Federal,,"javascript:__doPostBack('ctl00$CPH1$GridListaPliegosAperturaProxima$ctl06$lnkNumeroProceso','')",NO_DIRECT_URL,
68-0102-CDI26,"ADQUISICION DE ALIMENTO PARA ANIMALES DE BIOTERIO - INP ""DR. MARIO FATALA CHABEN""",Contratación Directa,06/10/2026 11:00 Hrs.,Publicado,68/00 - Departamento de Administracion de Bienes - ANLIS,906 - Administración Nacional de Laboratorios e Institutos de Salud “Dr. Carlos Malbrán”,,"javascript:__doPostBack('ctl00$CPH1$GridListaPliegosAperturaProxima$ctl07$lnkNumeroProceso','')",NO_DIRECT_URL,
68-0035-LPR26,ACONDICIONAMIENTO EDILICIO DEL SERVICIO DE MICOBACTERIA - INEIA,Licitación Privada,06/10/2026 11:00 Hrs.,Publicado,68/00 - Departamento de Administracion de Bienes - ANLIS,906 - Administración Nacional de Laboratorios e Institutos de Salud “Dr. Carlos Malbrán”,,"javascript:__doPostBack('ctl00$CPH1$GridListaPliegosAperturaProxima$ctl08$lnkNumeroProceso','')",NO_DIRECT_URL,
21-0016-LPU26,SERVICIO INTEGRAL DE MEDICINA LABORAL PARA PERSONAL DE LA DNM,Licitación Pública,06/10/2026 12:00 Hrs.,Publicado,21/000 - Dirección General de Administración - DNM,201 - Dirección Nacional de Migraciones,,"javascript:__doPostBack('ctl00$CPH1$GridListaPliegosAperturaProxima$ctl09$lnkNumeroProceso','')",NO_DIRECT_URL,
44-0007-LPU26,Servicio de Seguridad y Vigilancia,Licitación Pública,06/10/2026 12:00 Hrs.,Publicado,44/000 - Gerencia de Servicios Centrales - CNV,602 - Comisión Nacional de Valores,,"javascript:__doPostBack('ctl00$CPH1$GridListaPliegosAperturaProxima$ctl10$lnkNumeroProceso','')",NO_DIRECT_URL,
78-0003-LPU26,Servicio de mantenimiento de equipos marca Emperor.,Licitación Pública,06/10/2026 12:00 Hrs.,Publicado,78/000 - División Compras,200 - Registro Nacional de las Personas,,"javascript:__doPostBack('ctl00$CPH1$GridListaPliegosAperturaProxima$ctl11$lnkNumeroProceso','')",NO_DIRECT_URL,
26-0006-LPR26,"Materiales para instalación eléctrica, artefactos de iluminación y lámparas",Licitación Privada,06/10/2026 12:00 Hrs.,Publicado,26/000 - Dirección de Compras y Contrataciones - MRE,"307 - Ministerio de Relaciones Exteriores, Comercio Internacional y Culto",,"javascript:__doPostBack('ctl00$CPH1$GridListaPliegosAperturaProxima$ctl02$lnkNumeroProceso','')",NO_DIRECT_URL,
49-0060-CDI26,Contratación servicio de alarma y monitoreo para Delegación Córdoba del INV,Contratación Directa,06/10/2026 12:00 Hrs.,Publicado,49/00 - Instituto Nacional de Vitivinicultura,609 - Instituto Nacional de Vitivinicultura,,"javascript:__doPostBack('ctl00$CPH1$GridListaPliegosAperturaProxima$ctl03$lnkNumeroProceso','')",NO_DIRECT_URL,
76-0031-CDI26,ADQUISICIÓN DE SWITCHES DE BORDE ADMINISTRABLES ADMINISTRABLES Y DIEZ (10) MÓDULOS,Contratación Directa,06/10/2026 12:00 Hrs.,Publicado,76/000 - Gerencia de Administración y Capital Humano - SIGEN,109 - Sindicatura General de la Nación,,"javascript:__doPostBack('ctl00$CPH1$GridListaPliegosAperturaProxima$ctl04$lnkNumeroProceso','')",NO_DIRECT_URL,
68-0082-CDI26,ADQUISICIÓN DE PRODUCTOS VETERINARIOS - INPB,Contratación Directa,06/10/2026 12:00 Hrs.,Publicado,68/00 - Departamento de Administracion de Bienes - ANLIS,906 - Administración Nacional de Laboratorios e Institutos de Salud “Dr. Carlos Malbrán”,,"javascript:__doPostBack('ctl00$CPH1$GridListaPliegosAperturaProxima$ctl05$lnkNumeroProceso','')",NO_DIRECT_URL,
76-0004-LPR26,ADQUISICIÓN DE IMPRESORAS Y ESCANERES PARA LA SINDICATURA GENERAL DE LA NACIÓN,Licitación Privada,06/10/2026 12:00 Hrs.,Publicado,76/000 - Gerencia de Administración y Capital Humano - SIGEN,109 - Sindicatura General de la Nación,,"javascript:__doPostBack('ctl00$CPH1$GridListaPliegosAperturaProxima$ctl06$lnkNumeroProceso','')",NO_DIRECT_URL,
23-0018-LPU26,Adquisición de equipos de identificación por espectroscopia (tipo Raman).,Licitación Pública,06/10/2026 12:00 Hrs.,Publicado,23/000 - Dirección General de Administración - SG,301 - Secretaria General de la Presidencia de la Nación,,"javascript:__doPostBack('ctl00$CPH1$GridListaPliegosAperturaProxima$ctl07$lnkNumeroProceso','')",NO_DIRECT_URL,
46/21-0128-CDI26,ADQUISICIÓN DE ELEMENTOS PARA CONTADORES DE TRÁNSITO PARA EL 21° DTO- LA PAMPA,Contratación Directa,06/10/2026 12:00 Hrs.,Publicado,46/21 - 21° La Pampa - DNV,604 - Dirección Nacional de Vialidad,,"javascript:__doPostBack('ctl00$CPH1$GridListaPliegosAperturaProxima$ctl08$lnkNumeroProceso','')",NO_DIRECT_URL,
26-0017-CDI26,ADQUISICIÓN DE BATERÍAS DE ARRANQUE PARA CAMPAMENTOS,Contratación Directa,06/10/2026 12:00 Hrs.,Publicado,26/000 - Dirección de Compras y Contrataciones - MRE,"307 - Ministerio de Relaciones Exteriores, Comercio Internacional y Culto",,"javascript:__doPostBack('ctl00$CPH1$GridListaPliegosAperturaProxima$ctl09$lnkNumeroProceso','')",NO_DIRECT_URL,
31-0003-LPR26,Adquisición de Hornos eléctricos.,Licitación Privada,06/10/2026 13:00 Hrs.,Publicado,31/000 - Direccion de Contrataciones - SPF,331 - Servicio Penitenciario Federal,,"javascript:__doPostBack('ctl00$CPH1$GridListaPliegosAperturaProxima$ctl10$lnkNumeroProceso','')",NO_DIRECT_URL,
31-0003-LPR24,ADQUISICIÓN DE EQUIPOS DE QUIMICA Y HEMATOLOGA PARA EL LABORATORIO CENTRAL DEL SPF,Licitación Privada,06/10/2026 14:00 Hrs.,Publicado,31/000 - Direccion de Contrataciones - SPF,331 - Servicio Penitenciario Federal,,"javascript:__doPostBack('ctl00$CPH1$GridListaPliegosAperturaProxima$ctl11$lnkNumeroProceso','')",NO_DIRECT_URL,
80-0067-LPU26,Adquisición de Somatropina /Somatotropina /Somatotropina Recombinante Humana con logística,Licitación Pública,06/10/2026 15:00 Hrs.,Publicado,80/000 - Dirección General de Administración - MS,310 - Ministerio de Salud,,"javascript:__doPostBack('ctl00$CPH1$GridListaPliegosAperturaProxima$ctl02$lnkNumeroProceso','')",NO_DIRECT_URL,
31-0043-LPU24,Adquisición de Sillas y Mesas Plásticas.,Licitación Pública,06/10/2026 15:00 Hrs.,Publicado,31/000 - Direccion de Contrataciones - SPF,331 - Servicio Penitenciario Federal,,"javascript:__doPostBack('ctl00$CPH1$GridListaPliegosAperturaProxima$ctl03$lnkNumeroProceso','')",NO_DIRECT_URL,
45-0004-CDI26,Adquisición de servicio de mantenimiento integral de aires acondicionados del Datacenter,Contratación Directa,06/10/2026 15:00 Hrs.,Publicado,45 - Dirección General de Administración-SSN,603 - Superintendencia de Seguros de la Nación,,"javascript:__doPostBack('ctl00$CPH1$GridListaPliegosAperturaProxima$ctl04$lnkNumeroProceso','')",NO_DIRECT_URL,
41-0026-CDI26,Adquisición de Vehículo Aéreo No Tripulado (VANT) y equipos y accesorios complementarios,Contratación Directa,07/10/2026 06:00 Hrs.,Publicado,41 - División Compras y Contrataciones-IGN,450 - Instituto Geográfico Nacional,,"javascript:__doPostBack('ctl00$CPH1$GridListaPliegosAperturaProxima$ctl05$lnkNumeroProceso','')",NO_DIRECT_URL,
38/19-1049-LPR26,DGPN DIAP ADQ. MEDALLAS CONDECORACION Y PRESENTES PROTOCOLAR.,Licitación Privada,07/10/2026 07:00 Hrs.,Publicado,38/19 - División Contrataciones del Cuartel General del EMGA,379 - Estado Mayor General de la Armada,,"javascript:__doPostBack('ctl00$CPH1$GridListaPliegosAperturaProxima$ctl06$lnkNumeroProceso','')",NO_DIRECT_URL,
84/37-0646-LPU26,SERVICIO DE LAVANDERÍA Y ESTERILIZACIÓN DE PRENDAS HOSPITALARIAS,Licitación Pública,07/10/2026 08:00 Hrs.,Publicado,84/37 - Hospital Militar Regional Córdoba,374 - Estado Mayor General del Ejercito,,"javascript:__doPostBack('ctl00$CPH1$GridListaPliegosAperturaProxima$ctl07$lnkNumeroProceso','')",NO_DIRECT_URL,
37/71-0220-LPR26,ADQUISICION DEL SERVICIO DE FUMIGACION,Licitación Privada,07/10/2026 08:00 Hrs.,Publicado,"37/071 - Agrupación Unidades Operativas ""Buenos Aires""",375 - Gendarmeria Nacional,,"javascript:__doPostBack('ctl00$CPH1$GridListaPliegosAperturaProxima$ctl08$lnkNumeroProceso','')",NO_DIRECT_URL,
84/33-1462-LPR26,"ADQUISICION DE REPUESTOS, ACCESORIOS E INSUMOS DE AUTOMOTOR",Licitación Privada,07/10/2026 08:00 Hrs.,Publicado,84/33 - DIRECCION DE INTELIGENCIA OPERACIONAL,374 - Estado Mayor General del Ejercito,,"javascript:__doPostBack('ctl00$CPH1$GridListaPliegosAperturaProxima$ctl09$lnkNumeroProceso','')",NO_DIRECT_URL,
84/33-1464-LPR26,ADQUISICION DE NEUMATICOS 4TO TRIMESTRE 2026,Licitación Privada,07/10/2026 08:00 Hrs.,Publicado,84/33 - DIRECCION DE INTELIGENCIA OPERACIONAL,374 - Estado Mayor General del Ejercito,,"javascript:__doPostBack('ctl00$CPH1$GridListaPliegosAperturaProxima$ctl10$lnkNumeroProceso','')",NO_DIRECT_URL,
38/17-1158-LPR26,ADQ. DE EQUIPOS DE RESPIRACIÓN AUTÓNOMO PARA LA ESCUELA NAVAL MILITAR,Licitación Privada,07/10/2026 08:00 Hrs.,Publicado,38/17 - Escuela Naval Militar,379 - Estado Mayor General de la Armada,,"javascript:__doPostBack('ctl00$CPH1$GridListaPliegosAperturaProxima$ctl11$lnkNumeroProceso','')",NO_DIRECT_URL,
38/37-0180-CDI26,ADQUISICION DE DETERMINACIONES PARA EQUIPO DE ERITROSEDIMENTACION,Contratación Directa,07/10/2026 08:30 Hrs.,Publicado,38/37 - Hospital Naval Puerto Belgrano,379 - Estado Mayor General de la Armada,,"javascript:__doPostBack('ctl00$CPH1$GridListaPliegosAperturaProxima$ctl02$lnkNumeroProceso','')",NO_DIRECT_URL,
40/23-0756-CDI26,ELEMENTOS DE FERRETERÍA Y AFINES,Contratación Directa,07/10/2026 09:00 Hrs.,Publicado,40/023 - DIVISIÓN CONTRATACIONES MORENO,381 - Estado Mayor General de La Fuerza Aérea,,"javascript:__doPostBack('ctl00$CPH1$GridListaPliegosAperturaProxima$ctl03$lnkNumeroProceso','')",NO_DIRECT_URL,
38/12-0241-LPU26,ADQUISICION DE PLANTA FRIGORIFICA DE CARGA DEL BUQUE LOGÍSTICO ARA PATAGONIA,Licitación Pública,07/10/2026 09:00 Hrs.,Publicado,38/12 - Comando de la Flota de Mar,379 - Estado Mayor General de la Armada,,"javascript:__doPostBack('ctl00$CPH1$GridListaPliegosAperturaProxima$ctl04$lnkNumeroProceso','')",NO_DIRECT_URL,
38/1-1163-LPR26,"Adquisición de cojinetes THORDON, componentes y repuestos técnicos para el mantenimiento.",Licitación Privada,07/10/2026 09:30 Hrs.,Publicado,38/01 - ARSENAL NAVAL PUERTO BELGRANO,379 - Estado Mayor General de la Armada,,"javascript:__doPostBack('ctl00$CPH1$GridListaPliegosAperturaProxima$ctl05$lnkNumeroProceso','')",NO_DIRECT_URL,
38/1-0416-LPU26,Adq. de 1 Kit de repuestos de Equipos Periféricos de Motores Generadores.,Licitación Pública,07/10/2026 09:30 Hrs.,Publicado,38/01 - ARSENAL NAVAL PUERTO BELGRANO,379 - Estado Mayor General de la Armada,,"javascript:__doPostBack('ctl00$CPH1$GridListaPliegosAperturaProxima$ctl06$lnkNumeroProceso','')",NO_DIRECT_URL,
16-0003-CPU26,SERVICIOS DE FULL INTERNET Y ENLACES PUNTO A PUNTO (MPLS),Concurso Público,07/10/2026 10:00 Hrs.,Publicado,16/000 - Dirección General de Administración-ARN,112 - Autoridad Regulatoria Nuclear,,"javascript:__doPostBack('ctl00$CPH1$GridListaPliegosAperturaProxima$ctl07$lnkNumeroProceso','')",NO_DIRECT_URL,
74/3-0418-LPR26,SERVICIO INTEGRAL DE GOMERÍA PARA LA FLOTA DE VEHÍCULOS OFICIALES DEL P.N.L. SEGUNDO LLAMADO,Licitación Privada,07/10/2026 10:00 Hrs.,Publicado,74/003 - Parque Nacional Lanin,107 - Administración de Parques Nacionales,,"javascript:__doPostBack('ctl00$CPH1$GridListaPliegosAperturaProxima$ctl08$lnkNumeroProceso','')",NO_DIRECT_URL,
38/4-1080-LPR26,SERVICIO DE REPARACIÓN INTEGRAL DEL PUESTO DE GUARDIA N° 19 PERTENECIENTE AL ARSENAL NAVAL AZOPARDO,Licitación Privada,07/10/2026 10:00 Hrs.,Publicado,38/4 - INTENDENCIA NAVAL MAR DEL PLATA,379 - Estado Mayor General de la Armada,,"javascript:__doPostBack('ctl00$CPH1$GridListaPliegosAperturaProxima$ctl09$lnkNumeroProceso','')",NO_DIRECT_URL,
37/77-0905-CDI26,SERVICIO DE REPARACIÒN DE CROMATOGRAFO GASEOSO SHIMADZU GC2010 PLUS,Contratación Directa,07/10/2026 10:00 Hrs.,Publicado,"37/77 - SERVICIO ADMINISTRATIVO FINANCIERO DESCONCENTRADO ""ESCUADRÓN 48 CORRIENTES""",375 - Gendarmeria Nacional,,"javascript:__doPostBack('ctl00$CPH1$GridListaPliegosAperturaProxima$ctl10$lnkNumeroProceso','')",NO_DIRECT_URL,
37/9-0914-CDI26,SERVICIO DE PROVISION Y TRASLADO DE GASES PARA CROMATOGRAFO GASEOSO,Contratación Directa,07/10/2026 10:00 Hrs.,Publicado,"37/009 - Instituto De Capacitación Especializada ""Cabo Juan Adolfo Romero""",375 - Gendarmeria Nacional,,"javascript:__doPostBack('ctl00$CPH1$GridListaPliegosAperturaProxima$ctl11$lnkNumeroProceso','')",NO_DIRECT_URL,
16-0007-CPR26,PROVISIÓN DE INDUMENTARIA,Concurso Privado,07/10/2026 10:00 Hrs.,Publicado,16/000 - Dirección General de Administración-ARN,112 - Autoridad Regulatoria Nuclear,,"javascript:__doPostBack('ctl00$CPH1$GridListaPliegosAperturaProxima$ctl02$lnkNumeroProceso','')",NO_DIRECT_URL,
38/38-0184-CDI26,PROVISION DE CHAPAS PLEGADAS,Contratación Directa,07/10/2026 10:00 Hrs.,Publicado,38/38 - MINISTERIO DE DEFENSA - ARMADA ARGENTINA - HOSPITAL NAVAL BUENOS AIRES CIRUJANO MAYOR DOCTOR PEDRO MALLO,379 - Estado Mayor General de la Armada,,"javascript:__doPostBack('ctl00$CPH1$GridListaPliegosAperturaProxima$ctl03$lnkNumeroProceso','')",NO_DIRECT_URL,
53-0020-CDI26,MANTENIMIENTO SISTEMA SIGA Y AIEL LABORATORIOS SEGEMAR,Contratación Directa,07/10/2026 10:00 Hrs.,Publicado,Servicio Geológico Minero Argentino - Dir. Administración y Finanzas - Compras,624 - Servicio Geológico Minero Argentino,,"javascript:__doPostBack('ctl00$CPH1$GridListaPliegosAperturaProxima$ctl04$lnkNumeroProceso','')",NO_DIRECT_URL,
87-0068-CDI26,Licencias Antivirus ESET PROTECT y Servicio de Soporte Técnico,Contratación Directa,07/10/2026 10:00 Hrs.,Publicado,"87 - Coordinación de Compras, Contrataciones y Servicios Generales - INCAA",801 - Instituto Nacional de Cine y Artes Audiovisuales - INCAA,,"javascript:__doPostBack('ctl00$CPH1$GridListaPliegosAperturaProxima$ctl05$lnkNumeroProceso','')",NO_DIRECT_URL,
17-0001-LPR26,CONTRATACION SEGURO CONTRA INCENDIO,Licitación Privada,07/10/2026 10:00 Hrs.,Publicado,17 - Oficina de Compras- TNC,113 - Teatro Nacional Cervantes,,"javascript:__doPostBack('ctl00$CPH1$GridListaPliegosAperturaProxima$ctl06$lnkNumeroProceso','')",NO_DIRECT_URL,
72-0006-CDI26,CONTRATACION DE UN SERVICIO DE ARRENDAMIENTO DE UN SEGMENTO SATELITAL DE 22 MHZ - EMCFFAA,Contratación Directa,07/10/2026 10:00 Hrs.,Publicado,72/00 - Dirección Administrativa Financiera- EMCFFAA- Dpto de contrataciones,371 - Estado Mayor Conjunto (EMCO),,"javascript:__doPostBack('ctl00$CPH1$GridListaPliegosAperturaProxima$ctl07$lnkNumeroProceso','')",NO_DIRECT_URL,
38/4-1095-LPR26,ADQUISICIÓN DE VIDRIOS Y ABERTURAS PARA LOCALES PERTENECIENTES AL ARSENAL NAVAL AZOPARDO,Licitación Privada,07/10/2026 10:00 Hrs.,Publicado,38/4 - INTENDENCIA NAVAL MAR DEL PLATA,379 - Estado Mayor General de la Armada,,"javascript:__doPostBack('ctl00$CPH1$GridListaPliegosAperturaProxima$ctl08$lnkNumeroProceso','')",NO_DIRECT_URL,
40/51-0119-LPU26,Adquisición de medicamentos de alto costo para el HOSPITAL AERONÁUTICO CÓRDOBA,Licitación Pública,07/10/2026 10:00 Hrs.,Publicado,Departamento Contrataciones Córdoba - UOC 40/51,381 - Estado Mayor General de La Fuerza Aérea,,"javascript:__doPostBack('ctl00$CPH1$GridListaPliegosAperturaProxima$ctl09$lnkNumeroProceso','')",NO_DIRECT_URL,
47-0130-CDI26,Adquisición de equipos de refrigeración y de laboratorio para el INIDEP,Contratación Directa,07/10/2026 10:00 Hrs.,Publicado,47 - Dpto. de Compras y Servicios- INIDEP,607 - Instituto Nacional de Investigación y Desarrollo Pesquero,,"javascript:__doPostBack('ctl00$CPH1$GridListaPliegosAperturaProxima$ctl10$lnkNumeroProceso','')",NO_DIRECT_URL,
37/5-0952-CDI26,ADQUISICIÓN DE ELEMENTOS DE PROTECCIÓN PERSONAL,Contratación Directa,07/10/2026 10:00 Hrs.,Publicado,"37/005 - Escuela De Gendarmería Nacional ""Grl D. M.M. De Güemes""",375 - Gendarmeria Nacional,,"javascript:__doPostBack('ctl00$CPH1$GridListaPliegosAperturaProxima$ctl11$lnkNumeroProceso','')",NO_DIRECT_URL,
84/135-1449-LPR26,ADQUISICIÓN DE EFECTOS DE CEREMONIAL Y PROTOCOLO B TRANSP,Licitación Privada,07/10/2026 10:00 Hrs.,Publicado,84/135 - Dirección General de Material,374 - Estado Mayor General del Ejercito,,"javascript:__doPostBack('ctl00$CPH1$GridListaPliegosAperturaProxima$ctl02$lnkNumeroProceso','')",NO_DIRECT_URL,
14-0051-CDI26,ADQUISICIÓN DE ACTUALIZACIÓN LICENCIAS SISTEMA INSTITUCIONAL DE CORREO ELECTRÓNICO - GTIC,Contratación Directa,07/10/2026 10:00 Hrs.,Publicado,14 - Compras y Contrataciones - CNEA,105 - Comisión Nacional de Energía Atómica,,"javascript:__doPostBack('ctl00$CPH1$GridListaPliegosAperturaProxima$ctl03$lnkNumeroProceso','')",NO_DIRECT_URL,
80-0047-LPU26,Solicitud de adquisición de Test VPH,Licitación Pública,07/10/2026 11:00 Hrs.,Publicado,80/000 - Dirección General de Administración - MS,310 - Ministerio de Salud,,"javascript:__doPostBack('ctl00$CPH1$GridListaPliegosAperturaProxima$ctl04$lnkNumeroProceso','')",NO_DIRECT_URL,
46-0034-LPU26,Servicio de mantenimiento preventivo y correctivo de red fijas contra incendios de Casa Central,Licitación Pública,07/10/2026 11:00 Hrs.,Publicado,46/000 - Coordinación de Licitaciones y Contrataciones - DNV,604 - Dirección Nacional de Vialidad,,"javascript:__doPostBack('ctl00$CPH1$GridListaPliegosAperturaProxima$ctl05$lnkNumeroProceso','')",NO_DIRECT_URL,
68-0097-CDI26,SERVICIO DE INSPECCIÓN Y ENSAYOS DE APARATOS SOMETIDOS A PRESIÓN (ASP) - INP,Contratación Directa,07/10/2026 11:00 Hrs.,Publicado,68/00 - Departamento de Administracion de Bienes - ANLIS,906 - Administración Nacional de Laboratorios e Institutos de Salud “Dr. Carlos Malbrán”,,"javascript:__doPostBack('ctl00$CPH1$GridListaPliegosAperturaProxima$ctl06$lnkNumeroProceso','')",NO_DIRECT_URL,
80-0062-LPU26,"Provisión de Medicamentos DOXORRUBICINA, IRINOTECAN, LEUCOVORINA, ONDANSETRON, y OXALIPLATINO",Licitación Pública,07/10/2026 11:00 Hrs.,Publicado,80/000 - Dirección General de Administración - MS,310 - Ministerio de Salud,,"javascript:__doPostBack('ctl00$CPH1$GridListaPliegosAperturaProxima$ctl07$lnkNumeroProceso','')",NO_DIRECT_URL,
63-0014-CDI26,Adquisición de electrobombas sumergibles y sus accesorios,Contratación Directa,07/10/2026 11:00 Hrs.,Publicado,63/000 - Dirección de Contrataciones - ANSES II,850 - Administración Nacional de la Seguridad Social,,"javascript:__doPostBack('ctl00$CPH1$GridListaPliegosAperturaProxima$ctl08$lnkNumeroProceso','')",NO_DIRECT_URL,
68-0103-CDI26,"Servicio de mantenimiento, actualización y reparación del sistema de control de equipos HVAC - INEVH",Contratación Directa,07/10/2026 11:30 Hrs.,Publicado,68/00 - Departamento de Administracion de Bienes - ANLIS,906 - Administración Nacional de Laboratorios e Institutos de Salud “Dr. Carlos Malbrán”,,"javascript:__doPostBack('ctl00$CPH1$GridListaPliegosAperturaProxima$ctl09$lnkNumeroProceso','')",NO_DIRECT_URL,
46/3-0132-CDI26,Servicio de mantenimiento anual a extintores portátiles de fuego,Contratación Directa,07/10/2026 12:00 Hrs.,Publicado,46/03 - 3° Tucumán - DNV,604 - Dirección Nacional de Vialidad,,"javascript:__doPostBack('ctl00$CPH1$GridListaPliegosAperturaProxima$ctl10$lnkNumeroProceso','')",NO_DIRECT_URL,
46/21-0136-CDI26,"Serv. de recarga, mant. y compra de extintores para dependencias y movilidades del 21° Dto- La Pampa",Contratación Directa,07/10/2026 12:00 Hrs.,Publicado,46/21 - 21° La Pampa - DNV,604 - Dirección Nacional de Vialidad,,"javascript:__doPostBack('ctl00$CPH1$GridListaPliegosAperturaProxima$ctl11$lnkNumeroProceso','')",NO_DIRECT_URL,
27-0003-LPU26,"Mantenimiento Preventivo, Predictivo, Correctivo e Integral de las Instalaciones Eléctricas",Licitación Pública,07/10/2026 12:00 Hrs.,Publicado,27/000 - Dirección de Patrimonio y Suministros - INDEC,321 - Instituto Nacional de Estadísticas y Censos,,"javascript:__doPostBack('ctl00$CPH1$GridListaPliegosAperturaProxima$ctl02$lnkNumeroProceso','')",NO_DIRECT_URL,
49-0069-CDI26,Mantenimiento equipo absorción atómica Shimadzu AA7000 del INST.NAC.VITIVINICULTURA,Contratación Directa,07/10/2026 12:00 Hrs.,Publicado,49/00 - Instituto Nacional de Vitivinicultura,609 - Instituto Nacional de Vitivinicultura,,"javascript:__doPostBack('ctl00$CPH1$GridListaPliegosAperturaProxima$ctl03$lnkNumeroProceso','')",NO_DIRECT_URL,
74/20-0437-LPR26,Contratación de Servicio integral de Limpieza para el Centro de Visitantes y Oficina de Informes,Licitación Privada,07/10/2026 12:00 Hrs.,Publicado,74/20 - Parque Nacional Quebrada del Condorito,107 - Administración de Parques Nacionales,,"javascript:__doPostBack('ctl00$CPH1$GridListaPliegosAperturaProxima$ctl04$lnkNumeroProceso','')",NO_DIRECT_URL,
52-0027-LPU26,Contratacion de los servicios de internet para las Oficinas de Senasa,Licitación Pública,07/10/2026 12:00 Hrs.,Publicado,52 - Coordinación de Compras y Contrataciones - SENASA,623 - Servicio Nacional de Sanidad y Calidad Agroalimentaria,,"javascript:__doPostBack('ctl00$CPH1$GridListaPliegosAperturaProxima$ctl05$lnkNumeroProceso','')",NO_DIRECT_URL,
66-0015-LPR26,Adquisición e instalación de bombas elevadoras de agua.,Licitación Privada,07/10/2026 12:00 Hrs.,Publicado,"66/00 - Dirección de Compras, Suministros, Logística y Arquitectura - ANMAT","904 - Administración Nacional de Medicamentos, Alimentos y Tecnología Médica - ANMAT",,"javascript:__doPostBack('ctl00$CPH1$GridListaPliegosAperturaProxima$ctl06$lnkNumeroProceso','')",NO_DIRECT_URL,
63-0027-CDI26,Locacion Inmueble para OFICINA Dock Sud - Provincia de Buenos Aires,Contratación Directa,07/10/2026 12:01 Hrs.,Publicado,63/000 - Dirección de Contrataciones - ANSES II,850 - Administración Nacional de la Seguridad Social,,"javascript:__doPostBack('ctl00$CPH1$GridListaPliegosAperturaProxima$ctl07$lnkNumeroProceso','')",NO_DIRECT_URL,
83-0012-CDI26,Contratación del alquiler (derecho de uso) de material orquestal,Contratación Directa,07/10/2026 13:00 Hrs.,Publicado,83/000 - Dirección General de Administración Financiera - MC,337 - Secretaría de Cultura,,"javascript:__doPostBack('ctl00$CPH1$GridListaPliegosAperturaProxima$ctl08$lnkNumeroProceso','')",NO_DIRECT_URL,
84/35-1476-LPR26,Contratar el Seguro Contra Accidentes Personales para El Instituto Social Militar Dr Damaso Centeno.,Licitación Privada,08/10/2026 07:30 Hrs.,Publicado,84/35 - Instituto Social Militar Dámaso Centeno,374 - Estado Mayor General del Ejercito,,"javascript:__doPostBack('ctl00$CPH1$GridListaPliegosAperturaProxima$ctl09$lnkNumeroProceso','')",NO_DIRECT_URL,
38/17-1204-LPR26,SERVICIO DE REPARACIÓN Y MANTENIMIENTO DEL MUELLE FLOTANTE DE LA MARINA DE LA ESCUELA NAVAL MILITAR,Licitación Privada,08/10/2026 08:00 Hrs.,Publicado,38/17 - Escuela Naval Militar,379 - Estado Mayor General de la Armada,,"javascript:__doPostBack('ctl00$CPH1$GridListaPliegosAperturaProxima$ctl10$lnkNumeroProceso','')",NO_DIRECT_URL,
38/27-1143-LPR26,CONTRATAR EL SERVICIO DE MANTENIMIENTO Y PRUEBA HIDRAULICA DE MATAFUEGOS,Licitación Privada,08/10/2026 08:00 Hrs.,Publicado,38/27 - Agrupación Servicios de Cuartel,379 - Estado Mayor General de la Armada,,"javascript:__doPostBack('ctl00$CPH1$GridListaPliegosAperturaProxima$ctl11$lnkNumeroProceso','')",NO_DIRECT_URL,
84/23-1423-LPR26,CONTRATACIÓN DE UN SERVICIO DE MODERNIZACIÓN INTEGRAL DEL SISTEMA DE AGUA POTABLE,Licitación Privada,08/10/2026 08:00 Hrs.,Publicado,84/23 - Escuela de Suboficiales del Ejercito Sargento Cabral - Estado Mayor General del Ejercito,374 - Estado Mayor General del Ejercito,,"javascript:__doPostBack('ctl00$CPH1$GridListaPliegosAperturaProxima$ctl02$lnkNumeroProceso','')",NO_DIRECT_URL,
84/13-1417-LPR26,ADQUISICION DE SEMIRREMOLQUE JAULA DE TRES EJES.-,Licitación Privada,08/10/2026 08:00 Hrs.,Publicado,84/13 - Dirección de Remonta y Veterinaria,374 - Estado Mayor General del Ejercito,,"javascript:__doPostBack('ctl00$CPH1$GridListaPliegosAperturaProxima$ctl03$lnkNumeroProceso','')",NO_DIRECT_URL,
38/17-1203-LPR26,ADQUISICION DE PINTURAS E INSUMOS PARA LA ESCUELA NAVAL MILITAR,Licitación Privada,08/10/2026 08:00 Hrs.,Publicado,38/17 - Escuela Naval Militar,379 - Estado Mayor General de la Armada,,"javascript:__doPostBack('ctl00$CPH1$GridListaPliegosAperturaProxima$ctl04$lnkNumeroProceso','')",NO_DIRECT_URL,
37/136-0875-CDI26,ADQUISICIÓN DE PINTURAS,Contratación Directa,08/10/2026 08:00 Hrs.,Publicado,"37/136 - ESCUADRON 49 ""SAN VICENTE""",375 - Gendarmeria Nacional,,"javascript:__doPostBack('ctl00$CPH1$GridListaPliegosAperturaProxima$ctl05$lnkNumeroProceso','')",NO_DIRECT_URL,
38/25-1202-LPR26,ADQUISICION DE EQUIPO ELECTROGENO Y DE COMUNICACION HT,Licitación Privada,08/10/2026 08:00 Hrs.,Publicado,38/25 - Base Aeronaval Comandante espora,379 - Estado Mayor General de la Armada,,"javascript:__doPostBack('ctl00$CPH1$GridListaPliegosAperturaProxima$ctl06$lnkNumeroProceso','')",NO_DIRECT_URL,
84/11-1457-LPR26,ADQUIRIR PRODUCTOS DE LIMPIEZA Y AFINES.,Licitación Privada,08/10/2026 08:00 Hrs.,Publicado,84/11 - Liceo Militar General San Martin,374 - Estado Mayor General del Ejercito,,"javascript:__doPostBack('ctl00$CPH1$GridListaPliegosAperturaProxima$ctl07$lnkNumeroProceso','')",NO_DIRECT_URL,
84/11-1456-LPR26,"ADQUIRIR PRODUCTOS DE LIBRERÍA, ÚTILES DE OFICINA Y ESCRITORIO.",Licitación Privada,08/10/2026 08:00 Hrs.,Publicado,84/11 - Liceo Militar General San Martin,374 - Estado Mayor General del Ejercito,,"javascript:__doPostBack('ctl00$CPH1$GridListaPliegosAperturaProxima$ctl08$lnkNumeroProceso','')",NO_DIRECT_URL,
84/11-1455-LPR26,"ADQUIRIR PRODUCTOS DE FERRETERIA, MATERIALES DE CONSTRUCCIÓN, ELECTRICIDAD, PINTURAS Y OTROS AFINES",Licitación Privada,08/10/2026 08:00 Hrs.,Publicado,84/11 - Liceo Militar General San Martin,374 - Estado Mayor General del Ejercito,,"javascript:__doPostBack('ctl00$CPH1$GridListaPliegosAperturaProxima$ctl09$lnkNumeroProceso','')",NO_DIRECT_URL,
84/23-1427-LPR26,MODERNIZACIÓN DE SECTORES DEL COMEDOR DE ASPIRANTES,Licitación Privada,08/10/2026 08:30 Hrs.,Publicado,84/23 - Escuela de Suboficiales del Ejercito Sargento Cabral - Estado Mayor General del Ejercito,374 - Estado Mayor General del Ejercito,,"javascript:__doPostBack('ctl00$CPH1$GridListaPliegosAperturaProxima$ctl10$lnkNumeroProceso','')",NO_DIRECT_URL,
84/23-1450-LPR26,MODERNIZACIÓN DE AULAS DEL EDIFICIO Nº 68 - DIVISIÓN AUTOMOTORES Y CONDUCTORES MOTORISTAS,Licitación Privada,08/10/2026 08:30 Hrs.,Publicado,84/23 - Escuela de Suboficiales del Ejercito Sargento Cabral - Estado Mayor General del Ejercito,374 - Estado Mayor General del Ejercito,,"javascript:__doPostBack('ctl00$CPH1$GridListaPliegosAperturaProxima$ctl11$lnkNumeroProceso','')",NO_DIRECT_URL,
38/37-1134-LPR26,ADQUISICION DE KIT SANITARIO DEPTO. CIRUGIA,Licitación Privada,08/10/2026 08:30 Hrs.,Publicado,38/37 - Hospital Naval Puerto Belgrano,379 - Estado Mayor General de la Armada,,"javascript:__doPostBack('ctl00$CPH1$GridListaPliegosAperturaProxima$ctl02$lnkNumeroProceso','')",NO_DIRECT_URL,
40/18-0781-CDI26,SERVICIO MANTENIMIENTO INTEGRAL Y REPARACION DE ESTACION TOTAL,Contratación Directa,08/10/2026 09:00 Hrs.,Publicado,40/018 - UOC PAR,381 - Estado Mayor General de La Fuerza Aérea,,"javascript:__doPostBack('ctl00$CPH1$GridListaPliegosAperturaProxima$ctl03$lnkNumeroProceso','')",NO_DIRECT_URL,
38/17-1208-LPR26,SERVICIO DE REPARACION DE EQUIPOS DE IMPORTANCIA DE LA ESCUELA NAVAL MILITAR,Licitación Privada,08/10/2026 09:00 Hrs.,Publicado,38/17 - Escuela Naval Militar,379 - Estado Mayor General de la Armada,,"javascript:__doPostBack('ctl00$CPH1$GridListaPliegosAperturaProxima$ctl04$lnkNumeroProceso','')",NO_DIRECT_URL,
84/129-0627-LPU26,SERVICIO DE MANTENIMIENTO Y REPARACIÓN PARA CAMION REO GRUA M 936 A2,Licitación Pública,08/10/2026 09:00 Hrs.,Publicado,84/129 - Dirección de Arsenales,374 - Estado Mayor General del Ejercito,,"javascript:__doPostBack('ctl00$CPH1$GridListaPliegosAperturaProxima$ctl05$lnkNumeroProceso','')",NO_DIRECT_URL,
43-0025-CDI26,Servicio de Mantenimiento Preventivo del Sistema de Circuito Cerrado de Televisión y Alarmas.,Contratación Directa,08/10/2026 09:00 Hrs.,Publicado,43 - Departamento de Compras - Instituto de Ayuda Financiera para pago de Retiros y Pensiones Militares - Ministerio de Defensa,470 - Instituto de Ayuda Financiera para pago de Retiros y Pensiones Militares,,"javascript:__doPostBack('ctl00$CPH1$GridListaPliegosAperturaProxima$ctl06$lnkNumeroProceso','')",NO_DIRECT_URL,
40/18-0793-CDI26,MANTENIMIENTO Y REPARACION BOMBA DE AGUA,Contratación Directa,08/10/2026 09:00 Hrs.,Publicado,40/018 - UOC PAR,381 - Estado Mayor General de La Fuerza Aérea,,"javascript:__doPostBack('ctl00$CPH1$GridListaPliegosAperturaProxima$ctl07$lnkNumeroProceso','')",NO_DIRECT_URL,
340/1-0048-LPU26,CONTRATACIÓN DEL SERVICIO DE ALQUILER DE GRÚA – SOSTÉN LOGÍSTICO ANTÁRTICO,Licitación Pública,08/10/2026 09:00 Hrs.,Publicado,340/001 - Dirección General de Administración - SSSLD,376 - Subsecretaría de Planeamiento Operativo y Servicio Logístico de la Defensa,,"javascript:__doPostBack('ctl00$CPH1$GridListaPliegosAperturaProxima$ctl08$lnkNumeroProceso','')",NO_DIRECT_URL,
40/23-0345-CDI26,Alquiler de Equipos Multifunción,Contratación Directa,08/10/2026 09:00 Hrs.,Publicado,40/023 - DIVISIÓN CONTRATACIONES MORENO,381 - Estado Mayor General de La Fuerza Aérea,,"javascript:__doPostBack('ctl00$CPH1$GridListaPliegosAperturaProxima$ctl09$lnkNumeroProceso','')",NO_DIRECT_URL,
38/12-0411-LPU26,ADQUISICION PURIFICADORA DE ACEITE LUBRICANTE - CBRO,Licitación Pública,08/10/2026 09:00 Hrs.,Publicado,38/12 - Comando de la Flota de Mar,379 - Estado Mayor General de la Armada,,"javascript:__doPostBack('ctl00$CPH1$GridListaPliegosAperturaProxima$ctl10$lnkNumeroProceso','')",NO_DIRECT_URL,
38/3-1090-LPR26,ADQUISICIÓN DE PRESENTES PROTOCOLARES-ESSA,Licitación Privada,08/10/2026 09:00 Hrs.,Publicado,38/03 - UOC de la Intendencia Naval Puerto Belgrano - Armada Argentina,379 - Estado Mayor General de la Armada,,"javascript:__doPostBack('ctl00$CPH1$GridListaPliegosAperturaProxima$ctl11$lnkNumeroProceso','')",NO_DIRECT_URL,
38/31-0183-CDI26,ADQUISICION DE HERRAMIENTAS VARIAS,Contratación Directa,08/10/2026 09:00 Hrs.,Publicado,38/31 - DIRECCION GENERAL DE INTELIGENCIA DE LA ARMADA,379 - Estado Mayor General de la Armada,,"javascript:__doPostBack('ctl00$CPH1$GridListaPliegosAperturaProxima$ctl02$lnkNumeroProceso','')",NO_DIRECT_URL,
74/30-0442-LPR26,Adquisición de equipamientos para reacondicionar viviendas oficiales del PNPM.,Licitación Privada,08/10/2026 09:00 Hrs.,Publicado,74/30 - Parque Nacional Perito Moreno,107 - Administración de Parques Nacionales,,"javascript:__doPostBack('ctl00$CPH1$GridListaPliegosAperturaProxima$ctl03$lnkNumeroProceso','')",NO_DIRECT_URL,
39-0038-LPU26,ADQUISICIÓN DE CORTES DE CARNE PARA LA COCINA DE LA ESCUELA DE OFICIALES GENERAL MATÍAS DE IRIGOYEN,Licitación Pública,08/10/2026 09:00 Hrs.,Publicado,39 - Dirección General de Administración- PNA,380 - Prefectura Naval Argentina,,"javascript:__doPostBack('ctl00$CPH1$GridListaPliegosAperturaProxima$ctl04$lnkNumeroProceso','')",NO_DIRECT_URL,
84/35-1418-LPR26,Contratar el servicio de mantenimiento de equipos de fotocopiadoras e impresoras para el ISMDDC,Licitación Privada,08/10/2026 09:30 Hrs.,Publicado,84/35 - Instituto Social Militar Dámaso Centeno,374 - Estado Mayor General del Ejercito,,"javascript:__doPostBack('ctl00$CPH1$GridListaPliegosAperturaProxima$ctl05$lnkNumeroProceso','')",NO_DIRECT_URL,
38/18-1197-LPR26,"SERVICIO DE LIMPIEZA DE SENTINAS Y RETIRO DE RESIDUOS PELIGROSOS DE LA FRAGATA A.R.A ""LIBERTAD""",Licitación Privada,08/10/2026 10:00 Hrs.,Publicado,38/18 - Division Contrataciones - Comando de Transportes Navales,379 - Estado Mayor General de la Armada,,"javascript:__doPostBack('ctl00$CPH1$GridListaPliegosAperturaProxima$ctl06$lnkNumeroProceso','')",NO_DIRECT_URL,
38/38-1094-LPR26,SERVICIO DE DOSIMETRIA PERSONAL PARA LAS DISTINTAS AREAS DEL HNPM,Licitación Privada,08/10/2026 10:00 Hrs.,Publicado,38/38 - MINISTERIO DE DEFENSA - ARMADA ARGENTINA - HOSPITAL NAVAL BUENOS AIRES CIRUJANO MAYOR DOCTOR PEDRO MALLO,379 - Estado Mayor General de la Armada,,"javascript:__doPostBack('ctl00$CPH1$GridListaPliegosAperturaProxima$ctl07$lnkNumeroProceso','')",NO_DIRECT_URL,
38/4-1151-LPR26,SERVICIO DE AUDITORÍA DE TANQUES DE COMBUSTIBLES DE INTENDENCIA NAVAL MAR DEL PLATA,Licitación Privada,08/10/2026 10:00 Hrs.,Publicado,38/4 - INTENDENCIA NAVAL MAR DEL PLATA,379 - Estado Mayor General de la Armada,,"javascript:__doPostBack('ctl00$CPH1$GridListaPliegosAperturaProxima$ctl08$lnkNumeroProceso','')",NO_DIRECT_URL,
87-0069-CDI26,Contratación del Servicio de Área Protegida y Urgencias Medicas para el INCAA,Contratación Directa,08/10/2026 10:00 Hrs.,Publicado,"87 - Coordinación de Compras, Contrataciones y Servicios Generales - INCAA",801 - Instituto Nacional de Cine y Artes Audiovisuales - INCAA,,"javascript:__doPostBack('ctl00$CPH1$GridListaPliegosAperturaProxima$ctl09$lnkNumeroProceso','')",NO_DIRECT_URL,
74/27-0436-LPR26,Contratación de servicio de reparación de dos desmalezadoras del PN Chaco.,Licitación Privada,08/10/2026 10:00 Hrs.,Publicado,74/27 - Parque Nacional Chaco,107 - Administración de Parques Nacionales,,"javascript:__doPostBack('ctl00$CPH1$GridListaPliegosAperturaProxima$ctl10$lnkNumeroProceso','')",NO_DIRECT_URL,
38/38-1169-LPR26,ADQUISICION NUTRICIONES ENTERALES,Licitación Privada,08/10/2026 10:00 Hrs.,Publicado,38/38 - MINISTERIO DE DEFENSA - ARMADA ARGENTINA - HOSPITAL NAVAL BUENOS AIRES CIRUJANO MAYOR DOCTOR PEDRO MALLO,379 - Estado Mayor General de la Armada,,"javascript:__doPostBack('ctl00$CPH1$GridListaPliegosAperturaProxima$ctl11$lnkNumeroProceso','')",NO_DIRECT_URL,
37/52-0978-CDI26,ADQUISICIÓN DEL SERVICIO DE FUMIGACION,Contratación Directa,08/10/2026 10:00 Hrs.,Publicado,"37/052 - Escuadrón 28 ""Tunuyan""",375 - Gendarmeria Nacional,,"javascript:__doPostBack('ctl00$CPH1$GridListaPliegosAperturaProxima$ctl02$lnkNumeroProceso','')",NO_DIRECT_URL,
37/77-0980-CDI26,ADQUISICION DE SERVICIO DE MANTENIMIENTO Y RECARGA DE MATAFUEGOS,Contratación Directa,08/10/2026 10:00 Hrs.,Publicado,"37/77 - SERVICIO ADMINISTRATIVO FINANCIERO DESCONCENTRADO ""ESCUADRÓN 48 CORRIENTES""",375 - Gendarmeria Nacional,,"javascript:__doPostBack('ctl00$CPH1$GridListaPliegosAperturaProxima$ctl03$lnkNumeroProceso','')",NO_DIRECT_URL,
47-0023-LPR26,"Adquisición de repuestos YANMAR para el Buque de Investigación Pesquera ""DR. EDUARDO L. HOLMBERG""",Licitación Privada,08/10/2026 10:00 Hrs.,Publicado,47 - Dpto. de Compras y Servicios- INIDEP,607 - Instituto Nacional de Investigación y Desarrollo Pesquero,,"javascript:__doPostBack('ctl00$CPH1$GridListaPliegosAperturaProxima$ctl04$lnkNumeroProceso','')",NO_DIRECT_URL,
40/39-0508-CDI26,ADQUISICION DE PRECURSORES QUIMICOS,Contratación Directa,08/10/2026 10:00 Hrs.,Publicado,40/039 - UOC DPTO CDR,381 - Estado Mayor General de La Fuerza Aérea,,"javascript:__doPostBack('ctl00$CPH1$GridListaPliegosAperturaProxima$ctl05$lnkNumeroProceso','')",NO_DIRECT_URL,
509/4-0049-LPR26,Adquisición de Medicamentos para este Hospital Nacional en Red Lic. Laura Bonaparte.,Licitación Privada,08/10/2026 10:00 Hrs.,Publicado,509/4 - Compras y Contrataciones - Hospital Nac Lic Laura Bonaparte,919 - ADMINISTRACION NACIONAL DE ESTABLECIMIENTOS DE SALUD,,"javascript:__doPostBack('ctl00$CPH1$GridListaPliegosAperturaProxima$ctl06$lnkNumeroProceso','')",NO_DIRECT_URL,
46/23-0144-CDI26,ADQUISICIÓN DE MANGUERAS PARA CONTADORES DE COBERTURAS DE TRÁNSITO,Contratación Directa,08/10/2026 10:00 Hrs.,Publicado,46/23 - 23° Santa Cruz - DNV,604 - Dirección Nacional de Vialidad,,"javascript:__doPostBack('ctl00$CPH1$GridListaPliegosAperturaProxima$ctl07$lnkNumeroProceso','')",NO_DIRECT_URL,
74/24-0444-LPR26,Adquisición de equipos ahuyentadores de depredadores - DRNEA,Licitación Privada,08/10/2026 10:00 Hrs.,Publicado,74/24 - Direccion Regional NEA,107 - Administración de Parques Nacionales,,"javascript:__doPostBack('ctl00$CPH1$GridListaPliegosAperturaProxima$ctl08$lnkNumeroProceso','')",NO_DIRECT_URL,
37/2-0932-CDI26,ADQUISICIÓN DE CARTELERÍA DE EVACUACIÓN E INCENDIO PARA EL EDIFICIO DE LA DIRECCIÓN DE LOGÍSTICA Y S,Contratación Directa,08/10/2026 10:00 Hrs.,Publicado,37/002 - Unidad Tecnica Administrativa Contable Digeapoyo,375 - Gendarmeria Nacional,,"javascript:__doPostBack('ctl00$CPH1$GridListaPliegosAperturaProxima$ctl09$lnkNumeroProceso','')",NO_DIRECT_URL,
487-0008-CDI26,"Adquisición de Aguas Destiladas, Dextrosas, Soluciones Fisiológicas",Contratación Directa,08/10/2026 10:00 Hrs.,Publicado,487 - División Compras y Suministros - Superintendencia de Bienestar de la Policia Federal Argentina,403 - Superintendencia de Bienestar de la Policia Federal Argentina,,"javascript:__doPostBack('ctl00$CPH1$GridListaPliegosAperturaProxima$ctl10$lnkNumeroProceso','')",NO_DIRECT_URL,
14-0037-CDI26,ADQUISICIÓN DE ACCESORIOS PARA CAMARA FILMADORA Y FOTOGRAFICA (MOCHILA) - GCS,Contratación Directa,08/10/2026 10:00 Hrs.,Publicado,14 - Compras y Contrataciones - CNEA,105 - Comisión Nacional de Energía Atómica,,"javascript:__doPostBack('ctl00$CPH1$GridListaPliegosAperturaProxima$ctl11$lnkNumeroProceso','')",NO_DIRECT_URL,
64-0036-CDI26,RENOVACION LOCACION VENADO TUERTO,Contratación Directa,08/10/2026 11:00 Hrs.,Publicado,64/000 - Departamento de Compras y Contrataciones- SRT,852 - Superintendencia de Riesgos del Trabajo,,"javascript:__doPostBack('ctl00$CPH1$GridListaPliegosAperturaProxima$ctl02$lnkNumeroProceso','')",NO_DIRECT_URL,
92-0028-CDI26,PROVISION E INSTALACION DE TERMOTANQUE ELECTRICO PARA LOS VESTUARIOS DE LA BNMM,Contratación Directa,08/10/2026 11:00 Hrs.,Publicado,92 - Departamento de Compras y Contrataciones- BN,116 - Biblioteca Nacional,,"javascript:__doPostBack('ctl00$CPH1$GridListaPliegosAperturaProxima$ctl03$lnkNumeroProceso','')",NO_DIRECT_URL,
80-0050-LPU26,"Prov de L-ASPARAGINASA RECOMB, CITARABINA, DEXAMETASONA, HIDROXIUREA, LENALIDOMINDA y TEMOZOLOMIDA",Licitación Pública,08/10/2026 11:00 Hrs.,Publicado,80/000 - Dirección General de Administración - MS,310 - Ministerio de Salud,,"javascript:__doPostBack('ctl00$CPH1$GridListaPliegosAperturaProxima$ctl04$lnkNumeroProceso','')",NO_DIRECT_URL,
64-0046-CDI26,"Locación del inmueble sito en la calle Rómulo Noya 1049, PB y 1°, Zárate, Provincia de Buenos Aires.",Contratación Directa,08/10/2026 11:00 Hrs.,Publicado,64/000 - Departamento de Compras y Contrataciones- SRT,852 - Superintendencia de Riesgos del Trabajo,,"javascript:__doPostBack('ctl00$CPH1$GridListaPliegosAperturaProxima$ctl05$lnkNumeroProceso','')",NO_DIRECT_URL,
47-0137-CDI26,Contratación seguro para las embarcaciones tipo truckers del INIDEP,Contratación Directa,08/10/2026 11:00 Hrs.,Publicado,47 - Dpto. de Compras y Servicios- INIDEP,607 - Instituto Nacional de Investigación y Desarrollo Pesquero,,"javascript:__doPostBack('ctl00$CPH1$GridListaPliegosAperturaProxima$ctl06$lnkNumeroProceso','')",NO_DIRECT_URL,
64-0017-LPU26,Contratación de un servicio de adquisición de pasajes aéreos.,Licitación Pública,08/10/2026 11:00 Hrs.,Publicado,64/000 - Departamento de Compras y Contrataciones- SRT,852 - Superintendencia de Riesgos del Trabajo,,"javascript:__doPostBack('ctl00$CPH1$GridListaPliegosAperturaProxima$ctl07$lnkNumeroProceso','')",NO_DIRECT_URL,
84/129-0648-LPU26,ADQUSICIÓN DE MAQUINAS Y HERRAMIENTAS MAYORES M113,Licitación Pública,08/10/2026 11:00 Hrs.,Publicado,84/129 - Dirección de Arsenales,374 - Estado Mayor General del Ejercito,,"javascript:__doPostBack('ctl00$CPH1$GridListaPliegosAperturaProxima$ctl08$lnkNumeroProceso','')",NO_DIRECT_URL,
84/18-1466-LPR26,ADQUISICIÓN DE REPUESTOS Y ACCESORIOS PARA EL MANTENIMIENTO DE 2DO NIVEL - BAL ZAPALA,Licitación Privada,08/10/2026 11:00 Hrs.,Publicado,84/18 - Comando de la Brigada de Montaña VI,374 - Estado Mayor General del Ejercito,,"javascript:__doPostBack('ctl00$CPH1$GridListaPliegosAperturaProxima$ctl09$lnkNumeroProceso','')",NO_DIRECT_URL,
40/28-0778-CDI26,ADQUISICION DE INSUMOS Y REPUESTOS PARA INSTRUMENTOS MUSICALES,Contratación Directa,08/10/2026 11:00 Hrs.,Publicado,"40/028 - AREA DE MATERIAL ""RIO IV""",381 - Estado Mayor General de La Fuerza Aérea,,"javascript:__doPostBack('ctl00$CPH1$GridListaPliegosAperturaProxima$ctl10$lnkNumeroProceso','')",NO_DIRECT_URL,
68-0096-CDI26,Adquisición de indumentaria de trabajo y elementos de protección personal-INER-,Contratación Directa,08/10/2026 11:00 Hrs.,Publicado,68/00 - Departamento de Administracion de Bienes - ANLIS,906 - Administración Nacional de Laboratorios e Institutos de Salud “Dr. Carlos Malbrán”,,"javascript:__doPostBack('ctl00$CPH1$GridListaPliegosAperturaProxima$ctl11$lnkNumeroProceso','')",NO_DIRECT_URL,
40/28-0670-CDI26,ADQUISICION DE BATERIAS PARA EQUIPO HARLAN,Contratación Directa,08/10/2026 11:00 Hrs.,Publicado,"40/028 - AREA DE MATERIAL ""RIO IV""",381 - Estado Mayor General de La Fuerza Aérea,,"javascript:__doPostBack('ctl00$CPH1$GridListaPliegosAperturaProxima$ctl02$lnkNumeroProceso','')",NO_DIRECT_URL,
67-0009-LPR26,Servicio de Enlaces de comunicaciones,Licitación Privada,08/10/2026 12:00 Hrs.,Publicado,67 - Departamento de compras y contrataciones- INCUCAI,905 - Instituto Nacional Central Único Coordinador de Ablación e Implante,,"javascript:__doPostBack('ctl00$CPH1$GridListaPliegosAperturaProxima$ctl03$lnkNumeroProceso','')",NO_DIRECT_URL,
27-0018-LPR26,"SERVICIO DE DESINFECCIÓN, DESRATIZACIÓN Y DESINSECTACIÓN PARA LAS TRES SEDES DEL INSTITUTO",Licitación Privada,08/10/2026 12:00 Hrs.,Publicado,27/000 - Dirección de Patrimonio y Suministros - INDEC,321 - Instituto Nacional de Estadísticas y Censos,,"javascript:__doPostBack('ctl00$CPH1$GridListaPliegosAperturaProxima$ctl04$lnkNumeroProceso','')",NO_DIRECT_URL,
66-0003-LPU26,Servicio de Alquiler de Vehículos con Chofer - OCA,Licitación Pública,08/10/2026 12:00 Hrs.,Publicado,"66/00 - Dirección de Compras, Suministros, Logística y Arquitectura - ANMAT","904 - Administración Nacional de Medicamentos, Alimentos y Tecnología Médica - ANMAT",,"javascript:__doPostBack('ctl00$CPH1$GridListaPliegosAperturaProxima$ctl05$lnkNumeroProceso','')",NO_DIRECT_URL,
49-0066-CDI26,REPARACIÓN DE VEHÍCULO OFICIAL DEL INV DOMINIO KSJ-944,Contratación Directa,08/10/2026 12:00 Hrs.,Publicado,49/00 - Instituto Nacional de Vitivinicultura,609 - Instituto Nacional de Vitivinicultura,,"javascript:__doPostBack('ctl00$CPH1$GridListaPliegosAperturaProxima$ctl06$lnkNumeroProceso','')",NO_DIRECT_URL,
49-0071-CDI26,REPARACIÓN DE VEHÍCULO OFICIAL DEL INV DOMINIO GQC-106,Contratación Directa,08/10/2026 12:00 Hrs.,Publicado,49/00 - Instituto Nacional de Vitivinicultura,609 - Instituto Nacional de Vitivinicultura,,"javascript:__doPostBack('ctl00$CPH1$GridListaPliegosAperturaProxima$ctl07$lnkNumeroProceso','')",NO_DIRECT_URL,
44-0008-LPU26,Limpieza Integral del Edificio y Anexo,Licitación Pública,08/10/2026 12:00 Hrs.,Publicado,44/000 - Gerencia de Servicios Centrales - CNV,602 - Comisión Nacional de Valores,,"javascript:__doPostBack('ctl00$CPH1$GridListaPliegosAperturaProxima$ctl08$lnkNumeroProceso','')",NO_DIRECT_URL,
436-0007-CDI26,Contratación de un servicio de desarme e inspección visual de motor aeronáutico para la JST,Contratación Directa,08/10/2026 12:00 Hrs.,Publicado,436 - MINISTERIO DE ECONOMÍA - JUNTA DE SEGURIDAD EN EL TRANSPORTE - COMPRAS,671 - JUNTA DE SEGURIDAD EN EL TRANSPORTE,,"javascript:__doPostBack('ctl00$CPH1$GridListaPliegosAperturaProxima$ctl09$lnkNumeroProceso','')",NO_DIRECT_URL,
52-0012-CDI26,"ADQUISICION, REEMPLAZO E INSTALACION DE EQUIPOS DE CLIMATIZACION",Contratación Directa,08/10/2026 12:00 Hrs.,Publicado,52 - Coordinación de Compras y Contrataciones - SENASA,623 - Servicio Nacional de Sanidad y Calidad Agroalimentaria,,"javascript:__doPostBack('ctl00$CPH1$GridListaPliegosAperturaProxima$ctl10$lnkNumeroProceso','')",NO_DIRECT_URL,
26-0014-CDI26,Adquisición de motores y correas para instalaciones termomecánicas,Contratación Directa,08/10/2026 12:00 Hrs.,Publicado,26/000 - Dirección de Compras y Contrataciones - MRE,"307 - Ministerio de Relaciones Exteriores, Comercio Internacional y Culto",,"javascript:__doPostBack('ctl00$CPH1$GridListaPliegosAperturaProxima$ctl11$lnkNumeroProceso','')",NO_DIRECT_URL,
66-0032-CDI26,Adquisición de licencias Microsoft,Contratación Directa,08/10/2026 12:00 Hrs.,Publicado,"66/00 - Dirección de Compras, Suministros, Logística y Arquitectura - ANMAT","904 - Administración Nacional de Medicamentos, Alimentos y Tecnología Médica - ANMAT",,"javascript:__doPostBack('ctl00$CPH1$GridListaPliegosAperturaProxima$ctl02$lnkNumeroProceso','')",NO_DIRECT_URL,
80-0102-CDI26,Adquisición del medicamento antirretroviral Raltegravir 400 mg,Contratación Directa,08/10/2026 17:00 Hrs.,Publicado,80/000 - Dirección General de Administración - MS,310 - Ministerio de Salud,,"javascript:__doPostBack('ctl00$CPH1$GridListaPliegosAperturaProxima$ctl03$lnkNumeroProceso','')",NO_DIRECT_URL,
41-0002-LPR26,"Adquisición, instalación, configuración y puesta en marcha de UN (1) servidor de almacenamiento",Licitación Privada,09/10/2026 06:00 Hrs.,Publicado,41 - División Compras y Contrataciones-IGN,450 - Instituto Geográfico Nacional,,"javascript:__doPostBack('ctl00$CPH1$GridListaPliegosAperturaProxima$ctl04$lnkNumeroProceso','')",NO_DIRECT_URL,
84/99-1406-LPR26,ADQUISICION DE VIVERES PARA INTERNADOS Y PROTOCOLO,Licitación Privada,09/10/2026 07:00 Hrs.,Publicado,84/99 - Hospital Militar Regional Mendoza,374 - Estado Mayor General del Ejercito,,"javascript:__doPostBack('ctl00$CPH1$GridListaPliegosAperturaProxima$ctl05$lnkNumeroProceso','')",NO_DIRECT_URL,
84/35-1426-LPR26,"Contratar un servicio de mantenimiento, acondicionamiento y reparación del taller de música.",Licitación Privada,09/10/2026 07:30 Hrs.,Publicado,84/35 - Instituto Social Militar Dámaso Centeno,374 - Estado Mayor General del Ejercito,,"javascript:__doPostBack('ctl00$CPH1$GridListaPliegosAperturaProxima$ctl06$lnkNumeroProceso','')",NO_DIRECT_URL,
84/77-1468-LPR26,ADQUISICIÓN DE HERRAMIENTAS DE FUSIÓN DE FIBRA ÓPTICA – DGCICD,Licitación Privada,09/10/2026 07:30 Hrs.,Publicado,84/77 - Departamento Contaduría y Finanzas (EMGE),374 - Estado Mayor General del Ejercito,,"javascript:__doPostBack('ctl00$CPH1$GridListaPliegosAperturaProxima$ctl07$lnkNumeroProceso','')",NO_DIRECT_URL,
84/40-1472-LPR26,ADQUISICIÓN DE ELEMENTOS DE NÁUTICA PARA EL 4TO TRIMESTRE DEL AÑO 2026,Licitación Privada,09/10/2026 07:30 Hrs.,Publicado,84/40 - Comando Brigada Mecanizada X,374 - Estado Mayor General del Ejercito,,"javascript:__doPostBack('ctl00$CPH1$GridListaPliegosAperturaProxima$ctl08$lnkNumeroProceso','')",NO_DIRECT_URL,
84/3-0567-LPU26,SERVICIO DE MANTENIMIENTO Y REPARACION DE EDIFICIOS PARA EL HMCC - ALAMBRADA PERIMETRAL.,Licitación Pública,09/10/2026 08:00 Hrs.,Publicado,84/03 - Comando de la 1ra División de Ejército,374 - Estado Mayor General del Ejercito,,"javascript:__doPostBack('ctl00$CPH1$GridListaPliegosAperturaProxima$ctl09$lnkNumeroProceso','')",NO_DIRECT_URL,
84/13-1414-LPR26,SERVICIO DE MANT Y RECARGA DE MATAFUEGO PARA LA DIR REM VET Y SUS ESTABLECIMIENTOS DEPENDIENTES.-,Licitación Privada,09/10/2026 08:00 Hrs.,Publicado,84/13 - Dirección de Remonta y Veterinaria,374 - Estado Mayor General del Ejercito,,"javascript:__doPostBack('ctl00$CPH1$GridListaPliegosAperturaProxima$ctl10$lnkNumeroProceso','')",NO_DIRECT_URL,
340/1-0047-LPU26,SERVICIO DE LIMPIEZA INTEGRAL DE HANGARES CON CRITERIOS SOSTENIBLES – SSPOYSLD,Licitación Pública,09/10/2026 08:00 Hrs.,Publicado,340/001 - Dirección General de Administración - SSSLD,376 - Subsecretaría de Planeamiento Operativo y Servicio Logístico de la Defensa,,"javascript:__doPostBack('ctl00$CPH1$GridListaPliegosAperturaProxima$ctl11$lnkNumeroProceso','')",NO_DIRECT_URL,
84/77-0037-CDI26,"DESARROLLO, SUMINISTRO E INTEGRACIÓN DE UN SISTEMA DE MUNICIÓN Y ESPOLETA PARA DRON TIPO FPV",Contratación Directa,09/10/2026 08:00 Hrs.,Publicado,84/77 - Departamento Contaduría y Finanzas (EMGE),374 - Estado Mayor General del Ejercito,,"javascript:__doPostBack('ctl00$CPH1$GridListaPliegosAperturaProxima$ctl02$lnkNumeroProceso','')",NO_DIRECT_URL,
37/100-0081-LPR26,ADQUISICION DE REPUESTOS Y ACCESORIOS PARA COMPUTADORAS (UNICRIEFOR Y UNIPROSAESTERO),Licitación Privada,09/10/2026 08:00 Hrs.,Publicado,"37/100 - SERVICIO ADMINISTRATIVO FINANCIERO DESCONCENTRADO ""ESCUADRÓN 59 SANTIAGO DEL ESTERO""",375 - Gendarmeria Nacional,,"javascript:__doPostBack('ctl00$CPH1$GridListaPliegosAperturaProxima$ctl03$lnkNumeroProceso','')",NO_DIRECT_URL,
74/35-0443-LPR26,"Adquisición de insumos de oficina, artículos de papelería, y accesorios informáticos para PN Copo.",Licitación Privada,09/10/2026 08:00 Hrs.,Publicado,74/35 - Parque Nacional Copo,107 - Administración de Parques Nacionales,,"javascript:__doPostBack('ctl00$CPH1$GridListaPliegosAperturaProxima$ctl04$lnkNumeroProceso','')",NO_DIRECT_URL,
35-0042-LPR26,Adquisición de Herramientas Mayores,Licitación Privada,09/10/2026 08:00 Hrs.,Publicado,35/000 - Dirección General de Administración - MD,370 - Ministerio de Defensa,,"javascript:__doPostBack('ctl00$CPH1$GridListaPliegosAperturaProxima$ctl05$lnkNumeroProceso','')",NO_DIRECT_URL,
38/37-1064-LPR26,SERVICIO DE COLOCACION DE VIDRIOS PARA EL HNPB,Licitación Privada,09/10/2026 08:30 Hrs.,Publicado,38/37 - Hospital Naval Puerto Belgrano,379 - Estado Mayor General de la Armada,,"javascript:__doPostBack('ctl00$CPH1$GridListaPliegosAperturaProxima$ctl06$lnkNumeroProceso','')",NO_DIRECT_URL,
38/37-0450-LPU26,MODERNIZACION DE CAMAS ELECTRICAS PARA UTI,Licitación Pública,09/10/2026 08:30 Hrs.,Publicado,38/37 - Hospital Naval Puerto Belgrano,379 - Estado Mayor General de la Armada,,"javascript:__doPostBack('ctl00$CPH1$GridListaPliegosAperturaProxima$ctl07$lnkNumeroProceso','')",NO_DIRECT_URL,
38/37-1130-LPR26,ALQUILER EQUIPAMIENTO DE LABORATORIO PARA EL AREA DE HEMATOLOGIA,Licitación Privada,09/10/2026 08:30 Hrs.,Publicado,38/37 - Hospital Naval Puerto Belgrano,379 - Estado Mayor General de la Armada,,"javascript:__doPostBack('ctl00$CPH1$GridListaPliegosAperturaProxima$ctl08$lnkNumeroProceso','')",NO_DIRECT_URL,
38/3-0344-LPU26,SERVICIO REEMPLAZO INTEGRAL DE LAS CUBIERTAS DE TEJAS DEL CINE COMODORO RIVADAVIA DE LA (BNPB),Licitación Pública,09/10/2026 09:00 Hrs.,Publicado,38/03 - UOC de la Intendencia Naval Puerto Belgrano - Armada Argentina,379 - Estado Mayor General de la Armada,,"javascript:__doPostBack('ctl00$CPH1$GridListaPliegosAperturaProxima$ctl09$lnkNumeroProceso','')",NO_DIRECT_URL,
38/6-1170-LPR26,SERVICIO DE REPARACION DE TRAJES SECOS PARA BUCEO,Licitación Privada,09/10/2026 09:00 Hrs.,Publicado,38/6 - INTENDENCIA NAVAL USHUAIA,379 - Estado Mayor General de la Armada,,"javascript:__doPostBack('ctl00$CPH1$GridListaPliegosAperturaProxima$ctl10$lnkNumeroProceso','')",NO_DIRECT_URL,
40/43-0679-CDI26,SERVICIO DE RECOLECCIÓN DE RESIDUOS PATOLÓGICOS,Contratación Directa,09/10/2026 09:00 Hrs.,Publicado,40/043 - LICEO AERONAUTICO MILITAR,381 - Estado Mayor General de La Fuerza Aérea,,"javascript:__doPostBack('ctl00$CPH1$GridListaPliegosAperturaProxima$ctl11$lnkNumeroProceso','')",NO_DIRECT_URL,
40/18-0794-CDI26,SERVICIO DE RECARGA DE MATAFUEGOS,Contratación Directa,09/10/2026 09:00 Hrs.,Publicado,40/018 - UOC PAR,381 - Estado Mayor General de La Fuerza Aérea,,"javascript:__doPostBack('ctl00$CPH1$GridListaPliegosAperturaProxima$ctl02$lnkNumeroProceso','')",NO_DIRECT_URL,
40/43-0685-CDI26,SERVICIO DE ANÁLISIS DE AGUA PARA EL LICEO AERONÁUTICO MILITAR,Contratación Directa,09/10/2026 09:00 Hrs.,Publicado,40/043 - LICEO AERONAUTICO MILITAR,381 - Estado Mayor General de La Fuerza Aérea,,"javascript:__doPostBack('ctl00$CPH1$GridListaPliegosAperturaProxima$ctl03$lnkNumeroProceso','')",NO_DIRECT_URL,
40/23-0716-CDI26,RECALCE HANGAR 3 - 2do. LLAMADO,Contratación Directa,09/10/2026 09:00 Hrs.,Publicado,40/023 - DIVISIÓN CONTRATACIONES MORENO,381 - Estado Mayor General de La Fuerza Aérea,,"javascript:__doPostBack('ctl00$CPH1$GridListaPliegosAperturaProxima$ctl04$lnkNumeroProceso','')",NO_DIRECT_URL,
84/89-1415-LPR26,Contratación del servicio de reparacion e impermeabilizacion de techos para la FIE,Licitación Privada,09/10/2026 09:00 Hrs.,Publicado,84/89 - Dirección General de Educación,374 - Estado Mayor General del Ejercito,,"javascript:__doPostBack('ctl00$CPH1$GridListaPliegosAperturaProxima$ctl05$lnkNumeroProceso','')",NO_DIRECT_URL,
84/89-0668-LPU26,Contratación de mantenimiento y acondicionamiento de Instalaciones de la DEADIA,Licitación Pública,09/10/2026 09:00 Hrs.,Publicado,84/89 - Dirección General de Educación,374 - Estado Mayor General del Ejercito,,"javascript:__doPostBack('ctl00$CPH1$GridListaPliegosAperturaProxima$ctl06$lnkNumeroProceso','')",NO_DIRECT_URL,
74/29-0422-LPR26,ADQUISICIÓN INSUMOS FERRETERIA DEL PARQUE NACIONAL LAGUNA BLANCA,Licitación Privada,09/10/2026 09:00 Hrs.,Publicado,74/29 - Parque Nacional Laguna Blanca,107 - Administración de Parques Nacionales,,"javascript:__doPostBack('ctl00$CPH1$GridListaPliegosAperturaProxima$ctl07$lnkNumeroProceso','')",NO_DIRECT_URL,
84/28-1437-LPR26,ADQUISICIÓN DE REPUESTOS Y ACCESORIOS PARA VEHICULOS DEL GAA MIX 602 (4TO TRIM 26),Licitación Privada,09/10/2026 09:00 Hrs.,Publicado,84/28 - Jefatura Agrupación Artillería Antiaérea Ej. 601 - EC,374 - Estado Mayor General del Ejercito,,"javascript:__doPostBack('ctl00$CPH1$GridListaPliegosAperturaProxima$ctl08$lnkNumeroProceso','')",NO_DIRECT_URL,
74-0371-LPR26,Adquisición de neumáticos para las Coordinadoras Zona Norte y Zona Sur,Licitación Privada,09/10/2026 09:00 Hrs.,Publicado,74/00 - ADMINISTRACIÓN DE PARQUES NACIONALES - COORDINACIÓN DE CONTRATACIONES,107 - Administración de Parques Nacionales,,"javascript:__doPostBack('ctl00$CPH1$GridListaPliegosAperturaProxima$ctl09$lnkNumeroProceso','')",NO_DIRECT_URL,
38/31-0449-LPU26,ADQUISICIÓN DE EQUIPO DE SISTEMA DE MONITOREO,Licitación Pública,09/10/2026 09:00 Hrs.,Publicado,38/31 - DIRECCION GENERAL DE INTELIGENCIA DE LA ARMADA,379 - Estado Mayor General de la Armada,,"javascript:__doPostBack('ctl00$CPH1$GridListaPliegosAperturaProxima$ctl10$lnkNumeroProceso','')",NO_DIRECT_URL,
74/30-0457-LPR26,Adquisición de equipamientos para el Departamento de Guardaparques Nacionales del PNPM.,Licitación Privada,09/10/2026 09:00 Hrs.,Publicado,74/30 - Parque Nacional Perito Moreno,107 - Administración de Parques Nacionales,,"javascript:__doPostBack('ctl00$CPH1$GridListaPliegosAperturaProxima$ctl11$lnkNumeroProceso','')",NO_DIRECT_URL,
37/60-0963-CDI26,ADQUISICIÓN DE ELEMENTO LIBRERIA,Contratación Directa,09/10/2026 09:00 Hrs.,Publicado,"37/060 - Escuadrón 33 ""San Martin De Los Andes""",375 - Gendarmeria Nacional,,"javascript:__doPostBack('ctl00$CPH1$GridListaPliegosAperturaProxima$ctl02$lnkNumeroProceso','')",NO_DIRECT_URL,
38/4-0412-LPU26,SERVICIO DE REACONDICIONAMIENTO DE PARASOPLOS DESTINADOS A LA PROTECCIÓN DE POLVORINES PARA EL ARAZ,Licitación Pública,09/10/2026 10:00 Hrs.,Publicado,38/4 - INTENDENCIA NAVAL MAR DEL PLATA,379 - Estado Mayor General de la Armada,,"javascript:__doPostBack('ctl00$CPH1$GridListaPliegosAperturaProxima$ctl03$lnkNumeroProceso','')",NO_DIRECT_URL,
72-0021-LPU26,SERVICIO DE MANTENIMIENTO Y REPARACIÓN INTEGRAL DE LAS INSTALACIONES E INFRAESTRUCTURAS DEL EMCFFAA,Licitación Pública,09/10/2026 10:00 Hrs.,Publicado,72/00 - Dirección Administrativa Financiera- EMCFFAA- Dpto de contrataciones,371 - Estado Mayor Conjunto (EMCO),,"javascript:__doPostBack('ctl00$CPH1$GridListaPliegosAperturaProxima$ctl04$lnkNumeroProceso','')",NO_DIRECT_URL,
37/94-0743-CDI26,SERVICIO DE MANTENIMIENTO Y REPARACIÓN DE EQUIPOS DE AIRE ACONDICIONADO VEHICULAR,Contratación Directa,09/10/2026 10:00 Hrs.,Publicado,37/094 - Centro De Reconocimiento Y Operaciones Contra El Narcotrafico,375 - Gendarmeria Nacional,,"javascript:__doPostBack('ctl00$CPH1$GridListaPliegosAperturaProxima$ctl05$lnkNumeroProceso','')",NO_DIRECT_URL,
34-0010-LPU26,Servicio de mantenimiento de suscripciones ESET Protect Complete,Licitación Pública,09/10/2026 10:00 Hrs.,Publicado,34/000 - Dirección General de Administración - MHA,357 - Ministerio de Economía,,"javascript:__doPostBack('ctl00$CPH1$GridListaPliegosAperturaProxima$ctl06$lnkNumeroProceso','')",NO_DIRECT_URL,
38/18-1196-LPR26,"SERVICIO DE LIMPIEZA DE TANQUES DEL BUQUE ESCUELA FRAGATA A.R.A ""LIBERTAD"".",Licitación Privada,09/10/2026 10:00 Hrs.,Publicado,38/18 - Division Contrataciones - Comando de Transportes Navales,379 - Estado Mayor General de la Armada,,"javascript:__doPostBack('ctl00$CPH1$GridListaPliegosAperturaProxima$ctl07$lnkNumeroProceso','')",NO_DIRECT_URL,
38/38-1168-LPR26,OBTENCION DE KITS PARA REALIZACIÓN DE PCR MULTIPLE FILM ARRAY CON EQUIPO EN COMODATO,Licitación Privada,09/10/2026 10:00 Hrs.,Publicado,38/38 - MINISTERIO DE DEFENSA - ARMADA ARGENTINA - HOSPITAL NAVAL BUENOS AIRES CIRUJANO MAYOR DOCTOR PEDRO MALLO,379 - Estado Mayor General de la Armada,,"javascript:__doPostBack('ctl00$CPH1$GridListaPliegosAperturaProxima$ctl08$lnkNumeroProceso','')",NO_DIRECT_URL,
40/22-0791-CDI26,MANTENIMIENTO Y REPARACIÓN DE CASA,Contratación Directa,09/10/2026 10:00 Hrs.,Publicado,40/022 - UOC DIL,381 - Estado Mayor General de La Fuerza Aérea,,"javascript:__doPostBack('ctl00$CPH1$GridListaPliegosAperturaProxima$ctl09$lnkNumeroProceso','')",NO_DIRECT_URL,
487-0008-LPR26,Mantenimiento Preventivo y Correctivo del Cableado y Equipos de Red,Licitación Privada,09/10/2026 10:00 Hrs.,Publicado,487 - División Compras y Suministros - Superintendencia de Bienestar de la Policia Federal Argentina,403 - Superintendencia de Bienestar de la Policia Federal Argentina,,"javascript:__doPostBack('ctl00$CPH1$GridListaPliegosAperturaProxima$ctl10$lnkNumeroProceso','')",NO_DIRECT_URL,
46/8-0021-CDI26,DESARME PARA DIAGNOSTICO Y EVENTUAL REPARACION INTEGRAL DE CARGADORA NEW HOLLAND LEG: 22-NO-7-Y,Contratación Directa,09/10/2026 10:00 Hrs.,Publicado,46/08 - 8° La Rioja - DNV,604 - Dirección Nacional de Vialidad,,"javascript:__doPostBack('ctl00$CPH1$GridListaPliegosAperturaProxima$ctl11$lnkNumeroProceso','')",NO_DIRECT_URL,
47-0022-LPR26,Contratación servicio Full Internet para el INIDEP,Licitación Privada,09/10/2026 10:00 Hrs.,Publicado,47 - Dpto. de Compras y Servicios- INIDEP,607 - Instituto Nacional de Investigación y Desarrollo Pesquero,,"javascript:__doPostBack('ctl00$CPH1$GridListaPliegosAperturaProxima$ctl02$lnkNumeroProceso','')",NO_DIRECT_URL,
38/38-0158-CDI26,ALQUILER EQUIPOS DISPENSER DE RED FRIA Y CALIENTE,Contratación Directa,09/10/2026 10:00 Hrs.,Publicado,38/38 - MINISTERIO DE DEFENSA - ARMADA ARGENTINA - HOSPITAL NAVAL BUENOS AIRES CIRUJANO MAYOR DOCTOR PEDRO MALLO,379 - Estado Mayor General de la Armada,,"javascript:__doPostBack('ctl00$CPH1$GridListaPliegosAperturaProxima$ctl03$lnkNumeroProceso','')",NO_DIRECT_URL,
37/141-0956-CDI26,"ADQUISICIÓN DEL SERVICIO DE RECARGA, MANTENIMIENTO Y PRUEBA HIDRÁULICA DE MATAFUEGOS",Contratación Directa,09/10/2026 10:00 Hrs.,Publicado,"37/141 - ESCUADRON 67 ""CATAMARCA""",375 - Gendarmeria Nacional,,"javascript:__doPostBack('ctl00$CPH1$GridListaPliegosAperturaProxima$ctl04$lnkNumeroProceso','')",NO_DIRECT_URL,
14-0052-CDI26,ADQUISICIÓN DE SONDAS PARA LABORATORIO (GSRYN - GASNYA),Contratación Directa,09/10/2026 10:00 Hrs.,Publicado,14 - Compras y Contrataciones - CNEA,105 - Comisión Nacional de Energía Atómica,,"javascript:__doPostBack('ctl00$CPH1$GridListaPliegosAperturaProxima$ctl05$lnkNumeroProceso','')",NO_DIRECT_URL,
84/135-0678-LPU26,ADQUISICIÓN DE SERVICIO DE CHARTER (SERVICIO SEMICAMA X KM) MODO AUTOMOTOR.,Licitación Pública,09/10/2026 10:00 Hrs.,Publicado,84/135 - Dirección General de Material,374 - Estado Mayor General del Ejercito,,"javascript:__doPostBack('ctl00$CPH1$GridListaPliegosAperturaProxima$ctl06$lnkNumeroProceso','')",NO_DIRECT_URL,
37/61-0938-CDI26,ADQUISICIÓN DE RECARGAS DE MATAFUEGOS,Contratación Directa,09/10/2026 10:00 Hrs.,Publicado,"37/061 - Escuadrón 34 ""Bariloche""",375 - Gendarmeria Nacional,,"javascript:__doPostBack('ctl00$CPH1$GridListaPliegosAperturaProxima$ctl07$lnkNumeroProceso','')",NO_DIRECT_URL,
37/130-0212-LPR26,ADQUISICION DE NEUMATICOS PARA LA JEFATURA DE REGION VIII,Licitación Privada,09/10/2026 10:00 Hrs.,Publicado,37/130 JEFATURA DE REGION VIII,375 - Gendarmeria Nacional,,"javascript:__doPostBack('ctl00$CPH1$GridListaPliegosAperturaProxima$ctl08$lnkNumeroProceso','')",NO_DIRECT_URL,
37/52-0993-CDI26,"ADQUISICION DE INSUMOS MEDICOS, ODONTOLOGICOS Y DE KINESIOLOGIA",Contratación Directa,09/10/2026 10:00 Hrs.,Publicado,"37/052 - Escuadrón 28 ""Tunuyan""",375 - Gendarmeria Nacional,,"javascript:__doPostBack('ctl00$CPH1$GridListaPliegosAperturaProxima$ctl09$lnkNumeroProceso','')",NO_DIRECT_URL,
38/4-1181-LPR26,ADQUISICIÓN DE INSUMOS DE FERRETERÍA PARA LA ESCUELA NACIONAL DE PESCA “COMANDANTE LUIS PIEDRA BUENA,Licitación Privada,09/10/2026 10:00 Hrs.,Publicado,38/4 - INTENDENCIA NAVAL MAR DEL PLATA,379 - Estado Mayor General de la Armada,,"javascript:__doPostBack('ctl00$CPH1$GridListaPliegosAperturaProxima$ctl10$lnkNumeroProceso','')",NO_DIRECT_URL,
74/19-0466-LPR26,ADQUISICIÓN DE HERRAMIENTAS MAYORES PARA EL PARQUE NACIONAL EL LEONCITO,Licitación Privada,09/10/2026 10:00 Hrs.,Publicado,74/19 - Parque Nacional El Leoncito,107 - Administración de Parques Nacionales,,"javascript:__doPostBack('ctl00$CPH1$GridListaPliegosAperturaProxima$ctl11$lnkNumeroProceso','')",NO_DIRECT_URL,
38/18-1071-LPR26,ADQUISICIÓN DE GASES REFRIGERANTES BUQUE ESCUELA FRAGATA A.R.A “LIBERTAD”,Licitación Privada,09/10/2026 10:00 Hrs.,Publicado,38/18 - Division Contrataciones - Comando de Transportes Navales,379 - Estado Mayor General de la Armada,,"javascript:__doPostBack('ctl00$CPH1$GridListaPliegosAperturaProxima$ctl02$lnkNumeroProceso','')",NO_DIRECT_URL,
72-0022-LPU26,"ADQUISICIÓN DE EQUIPO, MATERIAL INFORMÁTICO Y UN SISTEMA INTEGRAL DE REPRESENTACIÓN PARA EL EMCFFAA",Licitación Pública,09/10/2026 10:00 Hrs.,Publicado,72/00 - Dirección Administrativa Financiera- EMCFFAA- Dpto de contrataciones,371 - Estado Mayor Conjunto (EMCO),,"javascript:__doPostBack('ctl00$CPH1$GridListaPliegosAperturaProxima$ctl03$lnkNumeroProceso','')",NO_DIRECT_URL,
37/61-0935-CDI26,ADQUISICIÓN DE ELEMENTOS DE SEGURIDAD,Contratación Directa,09/10/2026 10:00 Hrs.,Publicado,"37/061 - Escuadrón 34 ""Bariloche""",375 - Gendarmeria Nacional,,"javascript:__doPostBack('ctl00$CPH1$GridListaPliegosAperturaProxima$ctl04$lnkNumeroProceso','')",NO_DIRECT_URL,
40/22-0806-CDI26,ADQUISICION DE ELEMENTOS DE LIBRERIA,Contratación Directa,09/10/2026 10:00 Hrs.,Publicado,40/022 - UOC DIL,381 - Estado Mayor General de La Fuerza Aérea,,"javascript:__doPostBack('ctl00$CPH1$GridListaPliegosAperturaProxima$ctl05$lnkNumeroProceso','')",NO_DIRECT_URL,
37-0088-LPU26,ADQUISICIÓN DE CANES,Licitación Pública,09/10/2026 10:00 Hrs.,Publicado,37/000 - Departamento Contrataciones,375 - Gendarmeria Nacional,,"javascript:__doPostBack('ctl00$CPH1$GridListaPliegosAperturaProxima$ctl06$lnkNumeroProceso','')",NO_DIRECT_URL,
40/51-0732-CDI26,"""Adquisición de carnes para la elaboración de racionamiento en cocido para la RGGAC""",Contratación Directa,09/10/2026 10:00 Hrs.,Publicado,Departamento Contrataciones Córdoba - UOC 40/51,381 - Estado Mayor General de La Fuerza Aérea,,"javascript:__doPostBack('ctl00$CPH1$GridListaPliegosAperturaProxima$ctl07$lnkNumeroProceso','')",NO_DIRECT_URL,
37/77-0918-CDI26,SERVICIO DE MANTENIMIENTO Y REPARACION DE VEHICULOS,Contratación Directa,09/10/2026 11:00 Hrs.,Publicado,"37/77 - SERVICIO ADMINISTRATIVO FINANCIERO DESCONCENTRADO ""ESCUADRÓN 48 CORRIENTES""",375 - Gendarmeria Nacional,,"javascript:__doPostBack('ctl00$CPH1$GridListaPliegosAperturaProxima$ctl08$lnkNumeroProceso','')",NO_DIRECT_URL,
37/130-0227-LPR26,ADQUISICION DE REPUESTOS PARA LOS VEHICULOS JEFATURA DE REGION VIII Y UUDD.,Licitación Privada,09/10/2026 11:00 Hrs.,Publicado,37/130 JEFATURA DE REGION VIII,375 - Gendarmeria Nacional,,"javascript:__doPostBack('ctl00$CPH1$GridListaPliegosAperturaProxima$ctl09$lnkNumeroProceso','')",NO_DIRECT_URL,
47-0025-LPR26,Adquisición artículos del rubro electricidad para los buques de investigación pesquera del INIDEP,Licitación Privada,09/10/2026 11:00 Hrs.,Publicado,47 - Dpto. de Compras y Servicios- INIDEP,607 - Instituto Nacional de Investigación y Desarrollo Pesquero,,"javascript:__doPostBack('ctl00$CPH1$GridListaPliegosAperturaProxima$ctl10$lnkNumeroProceso','')",NO_DIRECT_URL,
454-0006-LPR26,REPARACIÓN Y MANTENIMIENTO PREVENTIVO Y CORRECTIVO PARA LA INSTALACIÓN TÉRMICA DE PERÚ 103 CABA,Licitación Privada,09/10/2026 11:30 Hrs.,Publicado,454/000 - Subdirección de Compras y Contrataciones,207 - Ente Nacional de Comunicaciones,,"javascript:__doPostBack('ctl00$CPH1$GridListaPliegosAperturaProxima$ctl11$lnkNumeroProceso','')",NO_DIRECT_URL,
46/1-0139-CDI26,Servicio de Recarga de Matafuegos y PH anual de extintores,Contratación Directa,09/10/2026 12:00 Hrs.,Publicado,46/01 - 19° Bahía Blanca - DNV,604 - Dirección Nacional de Vialidad,,"javascript:__doPostBack('ctl00$CPH1$GridListaPliegosAperturaProxima$ctl02$lnkNumeroProceso','')",NO_DIRECT_URL,
37/77-0188-LPR26,SERVICIO DE INSTALACION DE CERCO PERIMETRAL,Licitación Privada,09/10/2026 12:00 Hrs.,Publicado,"37/77 - SERVICIO ADMINISTRATIVO FINANCIERO DESCONCENTRADO ""ESCUADRÓN 48 CORRIENTES""",375 - Gendarmeria Nacional,,"javascript:__doPostBack('ctl00$CPH1$GridListaPliegosAperturaProxima$ctl03$lnkNumeroProceso','')",NO_DIRECT_URL,
74/40-0435-LPR26,"LICITACIÓN PRIVADA PARA LA ADQUISICIÓN DE (4) BORCEGOS PARA EL PERSONAL, TECNICO, BRIGADISTA Y GQ.",Licitación Privada,09/10/2026 12:00 Hrs.,Publicado,74/40 - RESERVA NATURAL ESTRICTA SAN ANTONIO,107 - Administración de Parques Nacionales,,"javascript:__doPostBack('ctl00$CPH1$GridListaPliegosAperturaProxima$ctl04$lnkNumeroProceso','')",NO_DIRECT_URL,
504-0006-LPU26,Licencias y soporte profesional de KASPERSKY,Licitación Pública,09/10/2026 12:00 Hrs.,Publicado,504 - SUBSECRETARÍA DE GESTIÓN ADMINISTRATIVA DE INFRAESTRUCTURA,377 - INFRAESTRUCTURA ECONOMICA Y SOCIAL,,"javascript:__doPostBack('ctl00$CPH1$GridListaPliegosAperturaProxima$ctl05$lnkNumeroProceso','')",NO_DIRECT_URL,
67-0025-CDI26,Insumos para cableado de red,Contratación Directa,09/10/2026 12:00 Hrs.,Publicado,67 - Departamento de compras y contrataciones- INCUCAI,905 - Instituto Nacional Central Único Coordinador de Ablación e Implante,,"javascript:__doPostBack('ctl00$CPH1$GridListaPliegosAperturaProxima$ctl06$lnkNumeroProceso','')",NO_DIRECT_URL,
78-0008-LPU26,Contratación del servicio de soporte técnico y mantenimiento correctivo de equipamiento informático.,Licitación Pública,09/10/2026 12:00 Hrs.,Publicado,78/000 - División Compras,200 - Registro Nacional de las Personas,,"javascript:__doPostBack('ctl00$CPH1$GridListaPliegosAperturaProxima$ctl07$lnkNumeroProceso','')",NO_DIRECT_URL,
76-0027-CDI26,CAPACITACIÓN PARA AGENTES SIGEN: IMPLEMENTACIÓN MICROSOFT 365,Contratación Directa,09/10/2026 12:00 Hrs.,Publicado,76/000 - Gerencia de Administración y Capital Humano - SIGEN,109 - Sindicatura General de la Nación,,"javascript:__doPostBack('ctl00$CPH1$GridListaPliegosAperturaProxima$ctl08$lnkNumeroProceso','')",NO_DIRECT_URL,
68-0106-CDI26,ADQUISICION DE INCUBADORA Y REGULADOR DE CO2 - INPB,Contratación Directa,09/10/2026 12:00 Hrs.,Publicado,68/00 - Departamento de Administracion de Bienes - ANLIS,906 - Administración Nacional de Laboratorios e Institutos de Salud “Dr. Carlos Malbrán”,,"javascript:__doPostBack('ctl00$CPH1$GridListaPliegosAperturaProxima$ctl09$lnkNumeroProceso','')",NO_DIRECT_URL,
18-0015-LPR26,ADQUISICIÓN DE IMPRESORA ELECTROGRÁFICA A3 - INAES,Licitación Privada,09/10/2026 12:00 Hrs.,Publicado,18 - Area Compras-INAES,114 - Instituto Nacional de Asociativismo y Economía Social,,"javascript:__doPostBack('ctl00$CPH1$GridListaPliegosAperturaProxima$ctl10$lnkNumeroProceso','')",NO_DIRECT_URL,
74/3-0392-LPR26,Adquisición de Elementos de Protección Personal (EPP,Licitación Privada,09/10/2026 12:00 Hrs.,Publicado,74/003 - Parque Nacional Lanin,107 - Administración de Parques Nacionales,,"javascript:__doPostBack('ctl00$CPH1$GridListaPliegosAperturaProxima$ctl11$lnkNumeroProceso','')",NO_DIRECT_URL,
18-0016-LPR26,ADQUISICION DE DOS SERVIDORES DE RED GENERICOS,Licitación Privada,09/10/2026 12:00 Hrs.,Publicado,18 - Area Compras-INAES,114 - Instituto Nacional de Asociativismo y Economía Social,,"javascript:__doPostBack('ctl00$CPH1$GridListaPliegosAperturaProxima$ctl02$lnkNumeroProceso','')",NO_DIRECT_URL,
347-0013-CDI26,ADQUISICIÓN DE ARTÍCULOS DE LIBRERÍA,Contratación Directa,09/10/2026 12:00 Hrs.,Publicado,347/000 - Dirección General de Administración - MS,343 - Ministerio de Seguridad,,"javascript:__doPostBack('ctl00$CPH1$GridListaPliegosAperturaProxima$ctl03$lnkNumeroProceso','')",NO_DIRECT_URL,
49-0058-CDI26,"ADECUACIÓN DE INFRAESTRUCTURA INFORMÁTICA, REDES Y COMUNICACIONES EN DELEGACIÓN SAN JUAN DEL INV.",Contratación Directa,09/10/2026 12:00 Hrs.,Publicado,49/00 - Instituto Nacional de Vitivinicultura,609 - Instituto Nacional de Vitivinicultura,,"javascript:__doPostBack('ctl00$CPH1$GridListaPliegosAperturaProxima$ctl04$lnkNumeroProceso','')",NO_DIRECT_URL,
46/15-0131-CDI26,REVISIÓN TÉCNICA VEHICULAR PARA UNIDADES LIVIANAS Y PESADAS DEL 15° DISTRITO MISIONES.,Contratación Directa,09/10/2026 15:00 Hrs.,Publicado,46/15 - 15° Misiones - DNV,604 - Dirección Nacional de Vialidad,,"javascript:__doPostBack('ctl00$CPH1$GridListaPliegosAperturaProxima$ctl05$lnkNumeroProceso','')",NO_DIRECT_URL,
46/15-0143-CDI26,ADQUISICIÓN DE REPUESTOS Y LUBRICANTES PARA EQUIPOS VIALES DEL 15º DISTRITO MISIONES,Contratación Directa,09/10/2026 16:00 Hrs.,Publicado,46/15 - 15° Misiones - DNV,604 - Dirección Nacional de Vialidad,,"javascript:__doPostBack('ctl00$CPH1$GridListaPliegosAperturaProxima$ctl06$lnkNumeroProceso','')",NO_DIRECT_URL,
52-0042-LPU26,Contratación del Servicio de Limpieza en C.R. Buenos Aires Sur y dependencias por DOCE (12) meses,Licitación Pública,09/10/2026 17:00 Hrs.,Publicado,52 - Coordinación de Compras y Contrataciones - SENASA,623 - Servicio Nacional de Sanidad y Calidad Agroalimentaria,,"javascript:__doPostBack('ctl00$CPH1$GridListaPliegosAperturaProxima$ctl07$lnkNumeroProceso','')",NO_DIRECT_URL,
46/15-0142-CDI26,ADQUISICIÓN DE NEUMÁTICOS NUEVOS PARA MINICARGADORA NEW HOLLAND L190 DEL 15º DISTRITO MISIONES,Contratación Directa,09/10/2026 17:00 Hrs.,Publicado,46/15 - 15° Misiones - DNV,604 - Dirección Nacional de Vialidad,,"javascript:__doPostBack('ctl00$CPH1$GridListaPliegosAperturaProxima$ctl08$lnkNumeroProceso','')",NO_DIRECT_URL,
84/99-0651-LPU26,"MANTENIMIENTO DE LOS EDIFICIOS NRO.2 Y 3 - SALA DE ESPERA,TURNOS Y PASILLOS DE CONSULTORIOS EXTERNOS",Licitación Pública,13/10/2026 07:00 Hrs.,Publicado,84/99 - Hospital Militar Regional Mendoza,374 - Estado Mayor General del Ejercito,,"javascript:__doPostBack('ctl00$CPH1$GridListaPliegosAperturaProxima$ctl09$lnkNumeroProceso','')",NO_DIRECT_URL,
84/31-1479-LPR26,CONTRATACION DE SERVICIO PARA MANTENIMIENTO Y REPARACION DE AULAS Y BAÑOS DEL LMGB,Licitación Privada,13/10/2026 07:00 Hrs.,Publicado,84/31 - Liceo Militar General Belgrano,374 - Estado Mayor General del Ejercito,,"javascript:__doPostBack('ctl00$CPH1$GridListaPliegosAperturaProxima$ctl10$lnkNumeroProceso','')",NO_DIRECT_URL,
74/34-0410-LPR26,Adquisición de Material Gráfico para campañas de prevención y difusión,Licitación Privada,13/10/2026 07:00 Hrs.,Publicado,74/34 - Direccion de Lucha Contra Incendios Forestales y Emergencias - Administración de Parques Nacionales,107 - Administración de Parques Nacionales,,"javascript:__doPostBack('ctl00$CPH1$GridListaPliegosAperturaProxima$ctl11$lnkNumeroProceso','')",NO_DIRECT_URL,
74/34-0415-LPR26,Adquisición de Dispositivos de Rastreo Satelital,Licitación Privada,13/10/2026 07:00 Hrs.,Publicado,74/34 - Direccion de Lucha Contra Incendios Forestales y Emergencias - Administración de Parques Nacionales,107 - Administración de Parques Nacionales,,"javascript:__doPostBack('ctl00$CPH1$GridListaPliegosAperturaProxima$ctl02$lnkNumeroProceso','')",NO_DIRECT_URL,
74/34-0018-LPU26,Adquisición de Desfibriladores Automáticos Externos (DEA) e insumos para DEA,Licitación Pública,13/10/2026 07:00 Hrs.,Publicado,74/34 - Direccion de Lucha Contra Incendios Forestales y Emergencias - Administración de Parques Nacionales,107 - Administración de Parques Nacionales,,"javascript:__doPostBack('ctl00$CPH1$GridListaPliegosAperturaProxima$ctl03$lnkNumeroProceso','')",NO_DIRECT_URL,
37/102-0944-CDI26,CONTRATACIÓN SERVICIO DE FUMIGACIÓN PARA EL DESTACAMENTO MÓVIL 6,Contratación Directa,13/10/2026 08:00 Hrs.,Publicado,37/102 - Destacamento Movil 6,375 - Gendarmeria Nacional,,"javascript:__doPostBack('ctl00$CPH1$GridListaPliegosAperturaProxima$ctl04$lnkNumeroProceso','')",NO_DIRECT_URL,
340/1-0046-LPU26,ADQUISICIÓN DE ROPA DE ABRIGO – SOSTÉN LOGÍSTICO ANTÁRTICO,Licitación Pública,13/10/2026 08:00 Hrs.,Publicado,340/001 - Dirección General de Administración - SSSLD,376 - Subsecretaría de Planeamiento Operativo y Servicio Logístico de la Defensa,,"javascript:__doPostBack('ctl00$CPH1$GridListaPliegosAperturaProxima$ctl05$lnkNumeroProceso','')",NO_DIRECT_URL,
340/1-0052-LPU26,ADQUISICIÓN DE REPUESTOS DE GENERADORES - SOSTÉN LOGÍSTICO ANTÁRTICO.,Licitación Pública,13/10/2026 08:00 Hrs.,Publicado,340/001 - Dirección General de Administración - SSSLD,376 - Subsecretaría de Planeamiento Operativo y Servicio Logístico de la Defensa,,"javascript:__doPostBack('ctl00$CPH1$GridListaPliegosAperturaProxima$ctl06$lnkNumeroProceso','')",NO_DIRECT_URL,
74/15-0403-LPR26,ADQUISICION DE EQUIPOS Y HERRAMIENTAS,Licitación Privada,13/10/2026 08:00 Hrs.,Publicado,74/15 - Parque Nacional Sierra de las Quijadas - Dpto. Administracion,107 - Administración de Parques Nacionales,,"javascript:__doPostBack('ctl00$CPH1$GridListaPliegosAperturaProxima$ctl07$lnkNumeroProceso','')",NO_DIRECT_URL,
37/88-0896-CDI26,ADQUISICION DE ARTICULOS DE LIMPIEZA,Contratación Directa,13/10/2026 08:00 Hrs.,Publicado,"37/088 - Escuadron Seguridad Vial ""Balcarce""",375 - Gendarmeria Nacional,,"javascript:__doPostBack('ctl00$CPH1$GridListaPliegosAperturaProxima$ctl08$lnkNumeroProceso','')",NO_DIRECT_URL,
40/5-0790-CDI26,SERVICIO DE PLOTEO PARA AERONAVES,Contratación Directa,13/10/2026 08:30 Hrs.,Publicado,40/005 - BASE AEREA MILITAR MORON,381 - Estado Mayor General de La Fuerza Aérea,,"javascript:__doPostBack('ctl00$CPH1$GridListaPliegosAperturaProxima$ctl09$lnkNumeroProceso','')",NO_DIRECT_URL,
38/37-1060-LPR26,"MATERIAL QUIROFANO, ANESTESIA, UTI",Licitación Privada,13/10/2026 08:30 Hrs.,Publicado,38/37 - Hospital Naval Puerto Belgrano,379 - Estado Mayor General de la Armada,,"javascript:__doPostBack('ctl00$CPH1$GridListaPliegosAperturaProxima$ctl10$lnkNumeroProceso','')",NO_DIRECT_URL,
84/89-1439-LPR26,Contratación de servicio de mantenimiento y reparación de aires acondicionados.,Licitación Privada,13/10/2026 08:30 Hrs.,Publicado,84/89 - Dirección General de Educación,374 - Estado Mayor General del Ejercito,,"javascript:__doPostBack('ctl00$CPH1$GridListaPliegosAperturaProxima$ctl11$lnkNumeroProceso','')",NO_DIRECT_URL,
38/37-1187-LPR26,ADQUIRIR INSUMOS ODONTOLOGICOS,Licitación Privada,13/10/2026 08:30 Hrs.,Publicado,38/37 - Hospital Naval Puerto Belgrano,379 - Estado Mayor General de la Armada,,"javascript:__doPostBack('ctl00$CPH1$GridListaPliegosAperturaProxima$ctl02$lnkNumeroProceso','')",NO_DIRECT_URL,
37/100-0934-CDI26,SERVICIO DE MANTENIMIENTO Y REPARACION DE VEHICULO NIGN 38144 PERTENECIENTE A LA UNICRIEFOR,Contratación Directa,13/10/2026 09:00 Hrs.,Publicado,"37/100 - SERVICIO ADMINISTRATIVO FINANCIERO DESCONCENTRADO ""ESCUADRÓN 59 SANTIAGO DEL ESTERO""",375 - Gendarmeria Nacional,,"javascript:__doPostBack('ctl00$CPH1$GridListaPliegosAperturaProxima$ctl03$lnkNumeroProceso','')",NO_DIRECT_URL,
40/43-0216-LPR26,SERVICIO DE MANTENIMIENTO Y REPARACIÓN DE VEHÍCULOS DE DOTACIÓN,Licitación Privada,13/10/2026 09:00 Hrs.,Publicado,40/043 - LICEO AERONAUTICO MILITAR,381 - Estado Mayor General de La Fuerza Aérea,,"javascript:__doPostBack('ctl00$CPH1$GridListaPliegosAperturaProxima$ctl04$lnkNumeroProceso','')",NO_DIRECT_URL,
74/18-0369-LPR26,Servicio de Jardinería para el Centro de Formación y Capacitación,Licitación Privada,13/10/2026 09:00 Hrs.,Publicado,74/18 - CENTRO DE FORMACION Y CAPACITACION EMBALSE,107 - Administración de Parques Nacionales,,"javascript:__doPostBack('ctl00$CPH1$GridListaPliegosAperturaProxima$ctl05$lnkNumeroProceso','')",NO_DIRECT_URL,
84/7-1445-LPR26,CONTRATACIÓN DEL SERVICIO DE PREPARACIÓN DE ALIMENTOS – EGRESO ESCUELA DE AVIACION DEL EJERCITO,Licitación Privada,13/10/2026 09:00 Hrs.,Publicado,84/07 - Dirección de Aviación de Ejercito - Ejercito Argentino,374 - Estado Mayor General del Ejercito,,"javascript:__doPostBack('ctl00$CPH1$GridListaPliegosAperturaProxima$ctl06$lnkNumeroProceso','')",NO_DIRECT_URL,
84/89-1419-LPR26,"Contratación del servicio de instalación, mantenimiento, reparación de edificios para UUDD de la DGE",Licitación Privada,13/10/2026 09:00 Hrs.,Publicado,84/89 - Dirección General de Educación,374 - Estado Mayor General del Ejercito,,"javascript:__doPostBack('ctl00$CPH1$GridListaPliegosAperturaProxima$ctl07$lnkNumeroProceso','')",NO_DIRECT_URL,
38/6-1226-LPR26,ADQUISICION DE VIVERES 3ER Y 4TO TRIMESTRE 2026 PARA APOSTADEROS RIO GALLEGOS Y PUERTO DESEADO,Licitación Privada,13/10/2026 09:00 Hrs.,Publicado,38/6 - INTENDENCIA NAVAL USHUAIA,379 - Estado Mayor General de la Armada,,"javascript:__doPostBack('ctl00$CPH1$GridListaPliegosAperturaProxima$ctl08$lnkNumeroProceso','')",NO_DIRECT_URL,
74/21-0453-LPR26,ADQUISICIÓN DE UN BATÁN DE COMBUSTIBLE PARA EL MONUMENTO NATURAL LAGUNA DE LOS POZUELOS.,Licitación Privada,13/10/2026 09:00 Hrs.,Publicado,74/21 - Monumento Natural Laguna de los Pozuelos,107 - Administración de Parques Nacionales,,"javascript:__doPostBack('ctl00$CPH1$GridListaPliegosAperturaProxima$ctl09$lnkNumeroProceso','')",NO_DIRECT_URL,
38/37-1144-LPR26,ADQUISICION DE KITS DE ENTRENAMIENTO PARA PERSONAL DEL HNPB,Licitación Privada,13/10/2026 09:00 Hrs.,Publicado,38/37 - Hospital Naval Puerto Belgrano,379 - Estado Mayor General de la Armada,,"javascript:__doPostBack('ctl00$CPH1$GridListaPliegosAperturaProxima$ctl10$lnkNumeroProceso','')",NO_DIRECT_URL,
40/11-0550-CDI26,Adquisición de equipo táctico para la Dirección General de Seguridad y Defensa Terrestre,Contratación Directa,13/10/2026 09:00 Hrs.,Publicado,40/11 - UOC DPTO CDR,381 - Estado Mayor General de La Fuerza Aérea,,"javascript:__doPostBack('ctl00$CPH1$GridListaPliegosAperturaProxima$ctl11$lnkNumeroProceso','')",NO_DIRECT_URL,
38/12-0448-LPU26,"ADQUISICIÓN DE COLCHONES Y BLANQUERIA PARA EL BUQUE LOGISTO A.R.A ""PATAGONIA""",Licitación Pública,13/10/2026 09:00 Hrs.,Publicado,38/12 - Comando de la Flota de Mar,379 - Estado Mayor General de la Armada,,"javascript:__doPostBack('ctl00$CPH1$GridListaPliegosAperturaProxima$ctl02$lnkNumeroProceso','')",NO_DIRECT_URL,
84/89-1441-LPR26,Contratar servicio de remodelación y puesta en valor de edificios.,Licitación Privada,13/10/2026 09:30 Hrs.,Publicado,84/89 - Dirección General de Educación,374 - Estado Mayor General del Ejercito,,"javascript:__doPostBack('ctl00$CPH1$GridListaPliegosAperturaProxima$ctl03$lnkNumeroProceso','')",NO_DIRECT_URL,
16-0019-CDI26,SERVICIOS DE GESTION DE VOLQUETES,Contratación Directa,13/10/2026 10:00 Hrs.,Publicado,16/000 - Dirección General de Administración-ARN,112 - Autoridad Regulatoria Nuclear,,"javascript:__doPostBack('ctl00$CPH1$GridListaPliegosAperturaProxima$ctl04$lnkNumeroProceso','')",NO_DIRECT_URL,
38/16-1099-LPR26,SERVICIO DE MANTENIMIENTO Y REPARACIÓN DE CÁMARAS FRIGORIFICAS VIVERES DE LA BAAZ.,Licitación Privada,13/10/2026 10:00 Hrs.,Publicado,38/16 - Licitaciones y Compras - Base Aeronaval Almirante Zar,379 - Estado Mayor General de la Armada,,"javascript:__doPostBack('ctl00$CPH1$GridListaPliegosAperturaProxima$ctl05$lnkNumeroProceso','')",NO_DIRECT_URL,
46/3-0157-CDI26,SERVICIO DE AREA PROTEGIDA DE EMERGENCIA MEDICAS - 3° DISTRITO – TUCUMAN (nuevo llamado),Contratación Directa,13/10/2026 10:00 Hrs.,Publicado,46/03 - 3° Tucumán - DNV,604 - Dirección Nacional de Vialidad,,"javascript:__doPostBack('ctl00$CPH1$GridListaPliegosAperturaProxima$ctl06$lnkNumeroProceso','')",NO_DIRECT_URL,
14/1-0003-LPU26,MONOCROMADORES DE ANDES.,Licitación Pública,13/10/2026 10:00 Hrs.,Publicado,14/1 - Centro Atómico Constituyentes - CNEA,105 - Comisión Nacional de Energía Atómica,,"javascript:__doPostBack('ctl00$CPH1$GridListaPliegosAperturaProxima$ctl07$lnkNumeroProceso','')",NO_DIRECT_URL,
487-0064-LPU26,Mantenimiento Preventivo Correctivo e integral de Respiradores,Licitación Pública,13/10/2026 10:00 Hrs.,Publicado,487 - División Compras y Suministros - Superintendencia de Bienestar de la Policia Federal Argentina,403 - Superintendencia de Bienestar de la Policia Federal Argentina,,"javascript:__doPostBack('ctl00$CPH1$GridListaPliegosAperturaProxima$ctl08$lnkNumeroProceso','')",NO_DIRECT_URL,
38/15-1036-LPR26,"Limpieza, desinfección y puesta en condiciones de cuatro tanques de almacenamiento de agua para IBBA",Licitación Privada,13/10/2026 10:00 Hrs.,Publicado,38/15 JEFATURA DE OBTENCION DE LA ARMADA,379 - Estado Mayor General de la Armada,,"javascript:__doPostBack('ctl00$CPH1$GridListaPliegosAperturaProxima$ctl09$lnkNumeroProceso','')",NO_DIRECT_URL,
87-0065-CDI26,CAPACITACIÓN EN LIDERAZGO PARA AGENTES - INCAA,Contratación Directa,13/10/2026 10:00 Hrs.,Publicado,"87 - Coordinación de Compras, Contrataciones y Servicios Generales - INCAA",801 - Instituto Nacional de Cine y Artes Audiovisuales - INCAA,,"javascript:__doPostBack('ctl00$CPH1$GridListaPliegosAperturaProxima$ctl10$lnkNumeroProceso','')",NO_DIRECT_URL,
38/15-0370-LPU26,Adquisición de Vehículos Municipales.,Licitación Pública,13/10/2026 10:00 Hrs.,Publicado,38/15 JEFATURA DE OBTENCION DE LA ARMADA,379 - Estado Mayor General de la Armada,,"javascript:__doPostBack('ctl00$CPH1$GridListaPliegosAperturaProxima$ctl11$lnkNumeroProceso','')",NO_DIRECT_URL,
40/39-0260-LPR26,Adquisición de soluciones parentales de gran volumen,Licitación Privada,13/10/2026 10:00 Hrs.,Publicado,40/039 - UOC DPTO CDR,381 - Estado Mayor General de La Fuerza Aérea,,"javascript:__doPostBack('ctl00$CPH1$GridListaPliegosAperturaProxima$ctl02$lnkNumeroProceso','')",NO_DIRECT_URL,
38/4-1135-LPR26,ADQUISICIÓN DE REPUESTOS PARA EQUIPOS DESALINIZADORES DE LAS UNIDADES DEPENDIENTES DE LA DVPM,Licitación Privada,13/10/2026 10:00 Hrs.,Publicado,38/4 - INTENDENCIA NAVAL MAR DEL PLATA,379 - Estado Mayor General de la Armada,,"javascript:__doPostBack('ctl00$CPH1$GridListaPliegosAperturaProxima$ctl03$lnkNumeroProceso','')",NO_DIRECT_URL,
40/39-0320-LPR26,Adquisición de Insumos y Gases Refrigerantes para Equipos de Aires Acondicionados para el HAC,Licitación Privada,13/10/2026 10:00 Hrs.,Publicado,40/039 - UOC DPTO CDR,381 - Estado Mayor General de La Fuerza Aérea,,"javascript:__doPostBack('ctl00$CPH1$GridListaPliegosAperturaProxima$ctl04$lnkNumeroProceso','')",NO_DIRECT_URL,
37/83-0219-LPR26,ADQUISICIÓN DE INSUMOS DE CAFETERÍA,Licitación Privada,13/10/2026 10:00 Hrs.,Publicado,37/083 - Secretaria General,375 - Gendarmeria Nacional,,"javascript:__doPostBack('ctl00$CPH1$GridListaPliegosAperturaProxima$ctl05$lnkNumeroProceso','')",NO_DIRECT_URL,
74/19-0448-LPR26,ADQUISICIÓN DE ELEMENTOS DE PROTECCIÓN PERSONAL PARA EL PARQUE NACIONAL EL LEONCITO,Licitación Privada,13/10/2026 10:00 Hrs.,Publicado,74/19 - Parque Nacional El Leoncito,107 - Administración de Parques Nacionales,,"javascript:__doPostBack('ctl00$CPH1$GridListaPliegosAperturaProxima$ctl06$lnkNumeroProceso','')",NO_DIRECT_URL,
38/16-1172-LPR26,"ADQUISICIÓN DE CARNES, POLLO Y PESCADO CORRESPONDIENTES A 5790 RACIONES HOMBRE DÍA PARA LA GUARDIA",Licitación Privada,13/10/2026 10:00 Hrs.,Publicado,38/16 - Licitaciones y Compras - Base Aeronaval Almirante Zar,379 - Estado Mayor General de la Armada,,"javascript:__doPostBack('ctl00$CPH1$GridListaPliegosAperturaProxima$ctl07$lnkNumeroProceso','')",NO_DIRECT_URL,
68-0107-CDI26,Servicios de calibraciones para equipos de laboratorio con destino al INEIA,Contratación Directa,13/10/2026 11:00 Hrs.,Publicado,68/00 - Departamento de Administracion de Bienes - ANLIS,906 - Administración Nacional de Laboratorios e Institutos de Salud “Dr. Carlos Malbrán”,,"javascript:__doPostBack('ctl00$CPH1$GridListaPliegosAperturaProxima$ctl08$lnkNumeroProceso','')",NO_DIRECT_URL,
46/24-0156-CDI26,SERVICIO MANTENIMIENTO DE EXTINTORES,Contratación Directa,13/10/2026 11:00 Hrs.,Publicado,46/24 - 24° Tierra del Fuego - DNV,604 - Dirección Nacional de Vialidad,,"javascript:__doPostBack('ctl00$CPH1$GridListaPliegosAperturaProxima$ctl09$lnkNumeroProceso','')",NO_DIRECT_URL,
46-0035-LPU26,"Reparación Estribo Puente Río Pescado (RN 50 - Km 42,81). Provincia de Salta",Licitación Pública,13/10/2026 11:00 Hrs.,Publicado,46/000 - Coordinación de Licitaciones y Contrataciones - DNV,604 - Dirección Nacional de Vialidad,,"javascript:__doPostBack('ctl00$CPH1$GridListaPliegosAperturaProxima$ctl10$lnkNumeroProceso','')",NO_DIRECT_URL,
46/7-0122-CDI26,"Desarme, Diag y Eventual Rep., falla motor fuera de borda - Yamaha 90 HP embarcación Leg 1-HC-1-ZEN",Contratación Directa,13/10/2026 11:00 Hrs.,Publicado,46/07 - 7° Santa Fe - DNV,604 - Dirección Nacional de Vialidad,,"javascript:__doPostBack('ctl00$CPH1$GridListaPliegosAperturaProxima$ctl11$lnkNumeroProceso','')",NO_DIRECT_URL,
98-0022-CDI26,ADQUISICIÓN DE ROPA DE TRABAJO - PLAN DE COMPRAS 2026 (2º LLAMADO),Contratación Directa,13/10/2026 11:00 Hrs.,Publicado,98/00 - Dir. Compras,101 - Fundación Miguel Lillo,,"javascript:__doPostBack('ctl00$CPH1$GridListaPliegosAperturaProxima$ctl02$lnkNumeroProceso','')",NO_DIRECT_URL,
454-0004-LPU26,NEPTUNO NAAP SOFTWARE –GESTIÓN DE ACTIVOS E INVENTARIO– FISCALIZACIONES DE INFRAESTRUCTURA EN SITIO,Licitación Pública,13/10/2026 11:30 Hrs.,Publicado,454/000 - Subdirección de Compras y Contrataciones,207 - Ente Nacional de Comunicaciones,,"javascript:__doPostBack('ctl00$CPH1$GridListaPliegosAperturaProxima$ctl03$lnkNumeroProceso','')",NO_DIRECT_URL,
45-0003-LPU26,Adquisicion de computadoras de escritorio para SSN - segundo llamado de Lic. Pública 45-0002-LPU26 -,Licitación Pública,13/10/2026 11:30 Hrs.,Publicado,45 - Dirección General de Administración-SSN,603 - Superintendencia de Seguros de la Nación,,"javascript:__doPostBack('ctl00$CPH1$GridListaPliegosAperturaProxima$ctl04$lnkNumeroProceso','')",NO_DIRECT_URL,
46-0036-LPU26,"Servicio integral de limpieza, higiene y desinfección para el puente Nicolás Avellaneda",Licitación Pública,13/10/2026 12:00 Hrs.,Publicado,46/000 - Coordinación de Licitaciones y Contrataciones - DNV,604 - Dirección Nacional de Vialidad,,"javascript:__doPostBack('ctl00$CPH1$GridListaPliegosAperturaProxima$ctl05$lnkNumeroProceso','')",NO_DIRECT_URL,
49-0070-CDI26,"REPARACIÓN DE VEHÍCULOS OFICIALES DEL INV DOMINIOS PIT-463, PIT-472 y PIT-473",Contratación Directa,13/10/2026 12:00 Hrs.,Publicado,49/00 - Instituto Nacional de Vitivinicultura,609 - Instituto Nacional de Vitivinicultura,,"javascript:__doPostBack('ctl00$CPH1$GridListaPliegosAperturaProxima$ctl06$lnkNumeroProceso','')",NO_DIRECT_URL,
21-0019-LPU26,REFUNCIONALIZACIÓN DELEGACIÓN SALTA DE LA DNM,Licitación Pública,13/10/2026 12:00 Hrs.,Publicado,21/000 - Dirección General de Administración - DNM,201 - Dirección Nacional de Migraciones,,"javascript:__doPostBack('ctl00$CPH1$GridListaPliegosAperturaProxima$ctl07$lnkNumeroProceso','')",NO_DIRECT_URL,
68-0101-CDI26,"Desinstalación, adquisición, instalación y puesta en marcha de equipos de aire acondicionado- INER",Contratación Directa,13/10/2026 12:00 Hrs.,Publicado,68/00 - Departamento de Administracion de Bienes - ANLIS,906 - Administración Nacional de Laboratorios e Institutos de Salud “Dr. Carlos Malbrán”,,"javascript:__doPostBack('ctl00$CPH1$GridListaPliegosAperturaProxima$ctl08$lnkNumeroProceso','')",NO_DIRECT_URL,
38/37-1122-LPR26,ALQUILER DE EQUIPAMIENTO DE LABORATORIO MEDIO INTERNO,Licitación Privada,13/10/2026 12:00 Hrs.,Publicado,38/37 - Hospital Naval Puerto Belgrano,379 - Estado Mayor General de la Armada,,"javascript:__doPostBack('ctl00$CPH1$GridListaPliegosAperturaProxima$ctl09$lnkNumeroProceso','')",NO_DIRECT_URL,
49-0065-CDI26,Adquisición insumos informáticos para INV,Contratación Directa,13/10/2026 12:00 Hrs.,Publicado,49/00 - Instituto Nacional de Vitivinicultura,609 - Instituto Nacional de Vitivinicultura,,"javascript:__doPostBack('ctl00$CPH1$GridListaPliegosAperturaProxima$ctl10$lnkNumeroProceso','')",NO_DIRECT_URL,
49-0063-CDI26,ADQUISICIÓN DE GASES PARA DEPARTAMENTO LABORATORIO DE RESISTENCIA DEL INV.,Contratación Directa,13/10/2026 12:00 Hrs.,Publicado,49/00 - Instituto Nacional de Vitivinicultura,609 - Instituto Nacional de Vitivinicultura,,"javascript:__doPostBack('ctl00$CPH1$GridListaPliegosAperturaProxima$ctl11$lnkNumeroProceso','')",NO_DIRECT_URL,
58/1-0003-CDI26,Adquisición Material Higiénico,Contratación Directa,13/10/2026 13:00 Hrs.,Publicado,58/01 - Organismo Regulador del Sistema Nacional de Aeropuertos,664 - Organismo Regulador del Sistema Nacional de Aeropuertos,,"javascript:__doPostBack('ctl00$CPH1$GridListaPliegosAperturaProxima$ctl02$lnkNumeroProceso','')",NO_DIRECT_URL,
80-0100-CDI26,Provisión y Distribución en el ámbito nacional del medicamento Panitumumab 100 mg,Contratación Directa,13/10/2026 14:00 Hrs.,Publicado,80/000 - Dirección General de Administración - MS,310 - Ministerio de Salud,,"javascript:__doPostBack('ctl00$CPH1$GridListaPliegosAperturaProxima$ctl03$lnkNumeroProceso','')",NO_DIRECT_URL,
160-0006-LPR26,CONTRATACIÓN DE UN SERVICIO DE ACTUALIZACIÓN Y MANTENIMIENTO DE FIREWALL,Licitación Privada,13/10/2026 14:00 Hrs.,Publicado,160 - Gestión de compras- TTN,612 - Tribunal de Tasaciones de la Nación,,"javascript:__doPostBack('ctl00$CPH1$GridListaPliegosAperturaProxima$ctl04$lnkNumeroProceso','')",NO_DIRECT_URL,
160-0005-LPR26,CONTRATACIÓN DE UN SERVICIO DE ACTUALIZACIÓN DE SOFTWARE ANTIVIRUS ESET PROTECT ENTRY ON-PREM,Licitación Privada,13/10/2026 14:00 Hrs.,Publicado,160 - Gestión de compras- TTN,612 - Tribunal de Tasaciones de la Nación,,"javascript:__doPostBack('ctl00$CPH1$GridListaPliegosAperturaProxima$ctl05$lnkNumeroProceso','')",NO_DIRECT_URL,
510-0031-CDI26,"Atención de emergencias médicas, para personal y asistentes a las sedes del ENREGE",Contratación Directa,13/10/2026 15:00 Hrs.,Publicado,510 - ENTE NACIONAL REGULADOR DEL GAS Y LA ELECTRICIDAD,674 - ENTE NACIONAL REGULADOR DEL GAS Y LA ELECTRICIDAD,,"javascript:__doPostBack('ctl00$CPH1$GridListaPliegosAperturaProxima$ctl06$lnkNumeroProceso','')",NO_DIRECT_URL,
76-0021-CDI26,ADQUISICION DE MATERIALES DEL TIPO DE CONSTRUCCION EN SECO TIPO DURLOCK,Contratación Directa,13/10/2026 16:00 Hrs.,Publicado,76/000 - Gerencia de Administración y Capital Humano - SIGEN,109 - Sindicatura General de la Nación,,"javascript:__doPostBack('ctl00$CPH1$GridListaPliegosAperturaProxima$ctl07$lnkNumeroProceso','')",NO_DIRECT_URL,
38/19-1108-LPR26,SICC ADQUISICIÓN DE REPUESTOS Y ACCESORIOS INFORMÁTICOS PARA EL DEPARTAMENTO CIBERDEFENSA,Licitación Privada,14/10/2026 07:00 Hrs.,Publicado,38/19 - División Contrataciones del Cuartel General del EMGA,379 - Estado Mayor General de la Armada,,"javascript:__doPostBack('ctl00$CPH1$GridListaPliegosAperturaProxima$ctl08$lnkNumeroProceso','')",NO_DIRECT_URL,
84/99-1434-LPR26,ADQUISICION DE REACTIVOS Y CONSUMIBLES DE LABORATORIO,Licitación Privada,14/10/2026 07:00 Hrs.,Publicado,84/99 - Hospital Militar Regional Mendoza,374 - Estado Mayor General del Ejercito,,"javascript:__doPostBack('ctl00$CPH1$GridListaPliegosAperturaProxima$ctl09$lnkNumeroProceso','')",NO_DIRECT_URL,
74/34-0417-LPR26,Adquisición de Batán Tanque de Arrastre para Transporte de Agua,Licitación Privada,14/10/2026 07:00 Hrs.,Publicado,74/34 - Direccion de Lucha Contra Incendios Forestales y Emergencias - Administración de Parques Nacionales,107 - Administración de Parques Nacionales,,"javascript:__doPostBack('ctl00$CPH1$GridListaPliegosAperturaProxima$ctl10$lnkNumeroProceso','')",NO_DIRECT_URL,
84/37-0641-LPU26,SERVICIO DE RECOLECCIÓN DE RESIDUOS PATÓGENOS 2026,Licitación Pública,14/10/2026 08:00 Hrs.,Publicado,84/37 - Hospital Militar Regional Córdoba,374 - Estado Mayor General del Ejercito,,"javascript:__doPostBack('ctl00$CPH1$GridListaPliegosAperturaProxima$ctl11$lnkNumeroProceso','')",NO_DIRECT_URL,
340/1-0042-LPU26,ADQUISICIÓN DE INDUMENTARIA DE TRABAJO - SOSTÉN LOGÍSTICO ANTÁRTICO,Licitación Pública,14/10/2026 08:00 Hrs.,Publicado,340/001 - Dirección General de Administración - SSSLD,376 - Subsecretaría de Planeamiento Operativo y Servicio Logístico de la Defensa,,"javascript:__doPostBack('ctl00$CPH1$GridListaPliegosAperturaProxima$ctl02$lnkNumeroProceso','')",NO_DIRECT_URL,
84/77-1482-LPR26,ADQUISICION DE ELEMENTOS DE LIMPIEZA Y AFINES PARA ORGANISMOS DEPENDIENTES DEL ESTADO MAYOR GENERAL,Licitación Privada,14/10/2026 08:00 Hrs.,Publicado,84/77 - Departamento Contaduría y Finanzas (EMGE),374 - Estado Mayor General del Ejercito,,"javascript:__doPostBack('ctl00$CPH1$GridListaPliegosAperturaProxima$ctl03$lnkNumeroProceso','')",NO_DIRECT_URL,
340/1-0051-LPU26,ADQUISICIÓN DE CASCOS Y CHALECOS – PACID,Licitación Pública,14/10/2026 08:00 Hrs.,Publicado,340/001 - Dirección General de Administración - SSSLD,376 - Subsecretaría de Planeamiento Operativo y Servicio Logístico de la Defensa,,"javascript:__doPostBack('ctl00$CPH1$GridListaPliegosAperturaProxima$ctl04$lnkNumeroProceso','')",NO_DIRECT_URL,
38/37-1076-LPR26,MANTENIMIENTO DE EQUIPOS DE ESTERILIZACION,Licitación Privada,14/10/2026 08:30 Hrs.,Publicado,38/37 - Hospital Naval Puerto Belgrano,379 - Estado Mayor General de la Armada,,"javascript:__doPostBack('ctl00$CPH1$GridListaPliegosAperturaProxima$ctl05$lnkNumeroProceso','')",NO_DIRECT_URL,
84/89-1470-LPR26,Adquisición de pisos encastrables de caucho.,Licitación Privada,14/10/2026 08:30 Hrs.,Publicado,84/89 - Dirección General de Educación,374 - Estado Mayor General del Ejercito,,"javascript:__doPostBack('ctl00$CPH1$GridListaPliegosAperturaProxima$ctl06$lnkNumeroProceso','')",NO_DIRECT_URL,
38/37-0415-LPU26,"ADQUISICION DE ANALGESICOS, ANTIPIRETICOS, ANTIBIOTICOS Y ANTICOAGULANTES",Licitación Pública,14/10/2026 08:30 Hrs.,Publicado,38/37 - Hospital Naval Puerto Belgrano,379 - Estado Mayor General de la Armada,,"javascript:__doPostBack('ctl00$CPH1$GridListaPliegosAperturaProxima$ctl07$lnkNumeroProceso','')",NO_DIRECT_URL,
38/6-0996-LPR26,SERVICIO DE MANTENIMIENTO DE MATAFUEGOS DE LA BASE AERONAVAL RIO GRANDE,Licitación Privada,14/10/2026 09:00 Hrs.,Publicado,38/6 - INTENDENCIA NAVAL USHUAIA,379 - Estado Mayor General de la Armada,,"javascript:__doPostBack('ctl00$CPH1$GridListaPliegosAperturaProxima$ctl08$lnkNumeroProceso','')",NO_DIRECT_URL,
38/37-0423-LPU26,SERVICIO DE LABORATORIO DE ALTA COMPLEJIDAD,Licitación Pública,14/10/2026 09:00 Hrs.,Publicado,38/37 - Hospital Naval Puerto Belgrano,379 - Estado Mayor General de la Armada,,"javascript:__doPostBack('ctl00$CPH1$GridListaPliegosAperturaProxima$ctl09$lnkNumeroProceso','')",NO_DIRECT_URL,
17-0005-LPU26,servicio de gestión de alojamiento con y sin comidas,Licitación Pública,14/10/2026 09:00 Hrs.,Publicado,17 - Oficina de Compras- TNC,113 - Teatro Nacional Cervantes,,"javascript:__doPostBack('ctl00$CPH1$GridListaPliegosAperturaProxima$ctl10$lnkNumeroProceso','')",NO_DIRECT_URL,
38/3-0457-LPU26,ADUISICIÓN DE LÁCTEOS Y FIAMBRES,Licitación Pública,14/10/2026 09:00 Hrs.,Publicado,38/03 - UOC de la Intendencia Naval Puerto Belgrano - Armada Argentina,379 - Estado Mayor General de la Armada,,"javascript:__doPostBack('ctl00$CPH1$GridListaPliegosAperturaProxima$ctl11$lnkNumeroProceso','')",NO_DIRECT_URL,
46/10-0153-CDI26,"Adquisición de Repuestos para Equipos New Holland, Liebher, Xcmg, y Pauny del 10° Distrito - Ctes.",Contratación Directa,14/10/2026 09:00 Hrs.,Publicado,46/10 - 10° Corrientes - DNV,604 - Dirección Nacional de Vialidad,,"javascript:__doPostBack('ctl00$CPH1$GridListaPliegosAperturaProxima$ctl02$lnkNumeroProceso','')",NO_DIRECT_URL,
38/3-1005-LPR26,ADQUISICIÓN DE MATERIALES Y ACCESORIOS PARA LA ACTIVIDAD DE PARACAIDISMO,Licitación Privada,14/10/2026 09:00 Hrs.,Publicado,38/03 - UOC de la Intendencia Naval Puerto Belgrano - Armada Argentina,379 - Estado Mayor General de la Armada,,"javascript:__doPostBack('ctl00$CPH1$GridListaPliegosAperturaProxima$ctl03$lnkNumeroProceso','')",NO_DIRECT_URL,
38/12-0454-LPU26,ADQUISICIÓN DE ESFERA GIROSCÓPICA (GYROSPHERE) PARA UNIDADES DEPENDIENTES DEL COFM,Licitación Pública,14/10/2026 09:00 Hrs.,Publicado,38/12 - Comando de la Flota de Mar,379 - Estado Mayor General de la Armada,,"javascript:__doPostBack('ctl00$CPH1$GridListaPliegosAperturaProxima$ctl04$lnkNumeroProceso','')",NO_DIRECT_URL,
74/21-0465-LPR26,ADQUISICIÓN DE EQUIPAMIENTO INFORMÁTICO PARA EL MONUMENTO NATURAL LAGUNA DE LOS POZUELOS.,Licitación Privada,14/10/2026 09:00 Hrs.,Publicado,74/21 - Monumento Natural Laguna de los Pozuelos,107 - Administración de Parques Nacionales,,"javascript:__doPostBack('ctl00$CPH1$GridListaPliegosAperturaProxima$ctl05$lnkNumeroProceso','')",NO_DIRECT_URL,
38/31-0451-LPU26,"ADQUISICION DE EQUIP., COMPONENTES Y ACCESORIOS INFORMÁT. Y DE INFRAESTRUCTURA DE REDES.",Licitación Pública,14/10/2026 09:00 Hrs.,Publicado,38/31 - DIRECCION GENERAL DE INTELIGENCIA DE LA ARMADA,379 - Estado Mayor General de la Armada,,"javascript:__doPostBack('ctl00$CPH1$GridListaPliegosAperturaProxima$ctl06$lnkNumeroProceso','')",NO_DIRECT_URL,
74/31-0454-LPR26,“Servicio técnico de mantenimiento equipo OSMOSIS INVERSA del PN Lihué Calel”,Licitación Privada,14/10/2026 09:00 Hrs.,Publicado,74/31 - Parque Nacional Lihué Calel,107 - Administración de Parques Nacionales,,"javascript:__doPostBack('ctl00$CPH1$GridListaPliegosAperturaProxima$ctl07$lnkNumeroProceso','')",NO_DIRECT_URL,
74/31-0463-LPR26,“Adquisición de mochilas para personal del PN LIHUE CALEL”,Licitación Privada,14/10/2026 09:00 Hrs.,Publicado,74/31 - Parque Nacional Lihué Calel,107 - Administración de Parques Nacionales,,"javascript:__doPostBack('ctl00$CPH1$GridListaPliegosAperturaProxima$ctl08$lnkNumeroProceso','')",NO_DIRECT_URL,
38/1-0455-LPU26,Adquisición de DOS (2) kits de repuestos Generadores MGO para mantenimiento de 4.000 horas motor.,Licitación Pública,14/10/2026 09:30 Hrs.,Publicado,38/01 - ARSENAL NAVAL PUERTO BELGRANO,379 - Estado Mayor General de la Armada,,"javascript:__doPostBack('ctl00$CPH1$GridListaPliegosAperturaProxima$ctl09$lnkNumeroProceso','')",NO_DIRECT_URL,
47-0019-LPR26,Ejecución integral llave en mano de la adecuación de la terraza interna del INIDEP,Licitación Privada,14/10/2026 10:00 Hrs.,Publicado,47 - Dpto. de Compras y Servicios- INIDEP,607 - Instituto Nacional de Investigación y Desarrollo Pesquero,,"javascript:__doPostBack('ctl00$CPH1$GridListaPliegosAperturaProxima$ctl10$lnkNumeroProceso','')",NO_DIRECT_URL,
37/46-0115-LPR26,ADQUISICIÓN DEL SERVICIO DE MANTENIMIENTO Y REPARACIÓN CON REEMPLAZOS DE PIEZAS PARA VEHÍCULOS,Licitación Privada,14/10/2026 10:00 Hrs.,Publicado,"37/046 - Escuadrón 24 ""Chilecito""",375 - Gendarmeria Nacional,,"javascript:__doPostBack('ctl00$CPH1$GridListaPliegosAperturaProxima$ctl11$lnkNumeroProceso','')",NO_DIRECT_URL,
38/37-0438-LPU26,ADQUISICION DE VIVERES PARA CONSUMO PESONAL INTERNADO DEL HNPB,Licitación Pública,14/10/2026 10:00 Hrs.,Publicado,38/37 - Hospital Naval Puerto Belgrano,379 - Estado Mayor General de la Armada,,"javascript:__doPostBack('ctl00$CPH1$GridListaPliegosAperturaProxima$ctl02$lnkNumeroProceso','')",NO_DIRECT_URL,
52-0041-LPU26,"ADQUISICIÓN DE INSUMOS PARA EL BIOTERIO, POR EL TÉRMINO DE SEIS (6) MESES",Licitación Pública,14/10/2026 10:00 Hrs.,Publicado,52 - Coordinación de Compras y Contrataciones - SENASA,623 - Servicio Nacional de Sanidad y Calidad Agroalimentaria,,"javascript:__doPostBack('ctl00$CPH1$GridListaPliegosAperturaProxima$ctl03$lnkNumeroProceso','')",NO_DIRECT_URL,
14-0046-CDI26,ADQUISICIÓN DE INSUMOS DESTINADOS A LA FABRICACIÓN DE BOLSONES DE 200 LITROS (GASNYA),Contratación Directa,14/10/2026 10:00 Hrs.,Publicado,14 - Compras y Contrataciones - CNEA,105 - Comisión Nacional de Energía Atómica,,"javascript:__doPostBack('ctl00$CPH1$GridListaPliegosAperturaProxima$ctl04$lnkNumeroProceso','')",NO_DIRECT_URL,
74/42-0440-LPR26,ADQUISICION DE EQUIPOS DE CAMPAÑA PARA EL PN CAMPOS DEL TUYÚ,Licitación Privada,14/10/2026 10:00 Hrs.,Publicado,74/42 - Unidad de Compras - Parque Nacional Campos del Tuyú,107 - Administración de Parques Nacionales,,"javascript:__doPostBack('ctl00$CPH1$GridListaPliegosAperturaProxima$ctl05$lnkNumeroProceso','')",NO_DIRECT_URL,
84/89-1465-LPR26,Adquisición de elementos de librería.,Licitación Privada,14/10/2026 10:00 Hrs.,Publicado,84/89 - Dirección General de Educación,374 - Estado Mayor General del Ejercito,,"javascript:__doPostBack('ctl00$CPH1$GridListaPliegosAperturaProxima$ctl06$lnkNumeroProceso','')",NO_DIRECT_URL,
38/38-0444-LPU26,ADQUISICION DE BIOMEDICOS PARA BOMBAS DE INFUSION,Licitación Pública,14/10/2026 10:00 Hrs.,Publicado,38/38 - MINISTERIO DE DEFENSA - ARMADA ARGENTINA - HOSPITAL NAVAL BUENOS AIRES CIRUJANO MAYOR DOCTOR PEDRO MALLO,379 - Estado Mayor General de la Armada,,"javascript:__doPostBack('ctl00$CPH1$GridListaPliegosAperturaProxima$ctl07$lnkNumeroProceso','')",NO_DIRECT_URL,
37/110-0226-LPR26,ADQUISICIÓN DE ALIMENTOS PARA EQUINOS,Licitación Privada,14/10/2026 10:00 Hrs.,Publicado,"37/110 - Jefatura De Agrupacion XV ""Santa Fe""",375 - Gendarmeria Nacional,,"javascript:__doPostBack('ctl00$CPH1$GridListaPliegosAperturaProxima$ctl08$lnkNumeroProceso','')",NO_DIRECT_URL,
64-0011-LPR26,Contratación de un servicio de impermeabilización para el edificio central de la SRT.,Licitación Privada,14/10/2026 11:00 Hrs.,Publicado,64/000 - Departamento de Compras y Contrataciones- SRT,852 - Superintendencia de Riesgos del Trabajo,,"javascript:__doPostBack('ctl00$CPH1$GridListaPliegosAperturaProxima$ctl09$lnkNumeroProceso','')",NO_DIRECT_URL,
84/89-1453-LPR26,Contratación de servicio de artes gráficas.,Licitación Privada,14/10/2026 11:00 Hrs.,Publicado,84/89 - Dirección General de Educación,374 - Estado Mayor General del Ejercito,,"javascript:__doPostBack('ctl00$CPH1$GridListaPliegosAperturaProxima$ctl10$lnkNumeroProceso','')",NO_DIRECT_URL,
510-0041-CDI26,"Servicio de mantenimiento preventivo, correctivo y de atención de urgencias ascensor Suipacha 615/17",Contratación Directa,14/10/2026 12:00 Hrs.,Publicado,510 - ENTE NACIONAL REGULADOR DEL GAS Y LA ELECTRICIDAD,674 - ENTE NACIONAL REGULADOR DEL GAS Y LA ELECTRICIDAD,,"javascript:__doPostBack('ctl00$CPH1$GridListaPliegosAperturaProxima$ctl11$lnkNumeroProceso','')",NO_DIRECT_URL,
21-0033-LPR26,SERVICIO DE LIMPIEZA OFICINA MIGRATORIA SANTA FE DE LA DNM,Licitación Privada,14/10/2026 12:00 Hrs.,Publicado,21/000 - Dirección General de Administración - DNM,201 - Dirección Nacional de Migraciones,,"javascript:__doPostBack('ctl00$CPH1$GridListaPliegosAperturaProxima$ctl02$lnkNumeroProceso','')",NO_DIRECT_URL,
71-0003-LPU26,Renovación del Soporte de mantenimiento de hardware de los equipos HP,Licitación Pública,14/10/2026 12:00 Hrs.,Publicado,71 - Coordinación de Contrataciones y Patrimonio-SSS,914 - Superintendencia de Servicios de Salud,,"javascript:__doPostBack('ctl00$CPH1$GridListaPliegosAperturaProxima$ctl03$lnkNumeroProceso','')",NO_DIRECT_URL,
27-0020-LPR26,Provisión de Ropa de Trabajo,Licitación Privada,14/10/2026 12:00 Hrs.,Publicado,27/000 - Dirección de Patrimonio y Suministros - INDEC,321 - Instituto Nacional de Estadísticas y Censos,,"javascript:__doPostBack('ctl00$CPH1$GridListaPliegosAperturaProxima$ctl04$lnkNumeroProceso','')",NO_DIRECT_URL,
71-0006-LPR26,Contratación para la reparación y mantenimiento de los ascensores sede Mendoza de la SSSalud.,Licitación Privada,14/10/2026 12:00 Hrs.,Publicado,71 - Coordinación de Contrataciones y Patrimonio-SSS,914 - Superintendencia de Servicios de Salud,,"javascript:__doPostBack('ctl00$CPH1$GridListaPliegosAperturaProxima$ctl05$lnkNumeroProceso','')",NO_DIRECT_URL,
67-0027-CDI26,Contratación del servicio de puesta a punto y mantenimiento del grupo electrógeno sede Belgrano,Contratación Directa,14/10/2026 12:00 Hrs.,Publicado,67 - Departamento de compras y contrataciones- INCUCAI,905 - Instituto Nacional Central Único Coordinador de Ablación e Implante,,"javascript:__doPostBack('ctl00$CPH1$GridListaPliegosAperturaProxima$ctl06$lnkNumeroProceso','')",NO_DIRECT_URL,
78-0007-LPU26,Adquisición de notebooks para las distintas áreas del Organismo,Licitación Pública,14/10/2026 12:00 Hrs.,Publicado,78/000 - División Compras,200 - Registro Nacional de las Personas,,"javascript:__doPostBack('ctl00$CPH1$GridListaPliegosAperturaProxima$ctl07$lnkNumeroProceso','')",NO_DIRECT_URL,
46/4-0022-LPR26,ADQUISICIÓN DE MATERIAL PARA ESTABILIZADO DE BANQUINAS RNN° 143 PARA EL 4° DISTRITO DNV MENDOZA,Licitación Privada,14/10/2026 12:00 Hrs.,Publicado,46/04 - 4° Mendoza - DNV,604 - Dirección Nacional de Vialidad,,"javascript:__doPostBack('ctl00$CPH1$GridListaPliegosAperturaProxima$ctl08$lnkNumeroProceso','')",NO_DIRECT_URL,
78-0009-LPU26,Adquisición de credenciales necesarias para la producción del DNI Electrónico de policarbonato,Licitación Pública,14/10/2026 12:00 Hrs.,Publicado,78/000 - División Compras,200 - Registro Nacional de las Personas,,"javascript:__doPostBack('ctl00$CPH1$GridListaPliegosAperturaProxima$ctl09$lnkNumeroProceso','')",NO_DIRECT_URL,
83-0007-LPR26,"Contratación de un servicio de envíos masivos de email, automatización y data marketing",Licitación Privada,14/10/2026 13:00 Hrs.,Publicado,83/000 - Dirección General de Administración Financiera - MC,337 - Secretaría de Cultura,,"javascript:__doPostBack('ctl00$CPH1$GridListaPliegosAperturaProxima$ctl10$lnkNumeroProceso','')",NO_DIRECT_URL,
83-0010-CDI26,ADQUISICIÓN EQUIPOS CONSOLAS DE ILUMINACIÓN,Contratación Directa,14/10/2026 13:00 Hrs.,Publicado,83/000 - Dirección General de Administración Financiera - MC,337 - Secretaría de Cultura,,"javascript:__doPostBack('ctl00$CPH1$GridListaPliegosAperturaProxima$ctl11$lnkNumeroProceso','')",NO_DIRECT_URL,
30-0028-LPR26,Adquisición de cubiertas de diferentes medidas,Licitación Privada,14/10/2026 14:00 Hrs.,Publicado,30/00 - División Contrataciones - Policia Federal Argentina,326 - Super Intendencia de la Administracion de la Policia Federal,,"javascript:__doPostBack('ctl00$CPH1$GridListaPliegosAperturaProxima$ctl02$lnkNumeroProceso','')",NO_DIRECT_URL,
26-0009-LPU25,Servicio integral de limpieza de edificios MRECIC,Licitación Pública,14/10/2026 16:00 Hrs.,Publicado,26/000 - Dirección de Compras y Contrataciones - MRE,"307 - Ministerio de Relaciones Exteriores, Comercio Internacional y Culto",,"javascript:__doPostBack('ctl00$CPH1$GridListaPliegosAperturaProxima$ctl03$lnkNumeroProceso','')",NO_DIRECT_URL,
74/34-0424-LPR26,Contratación de Plataforma de Sistema de Comando de Incidentes (SCI),Licitación Privada,15/10/2026 07:00 Hrs.,Publicado,74/34 - Direccion de Lucha Contra Incendios Forestales y Emergencias - Administración de Parques Nacionales,107 - Administración de Parques Nacionales,,"javascript:__doPostBack('ctl00$CPH1$GridListaPliegosAperturaProxima$ctl04$lnkNumeroProceso','')",NO_DIRECT_URL,
84/77-0683-LPU26,Adquisición de repuestos destinados al mantenimiento preventivo y correctivo de vehículos Ford F-350,Licitación Pública,15/10/2026 08:00 Hrs.,Publicado,84/77 - Departamento Contaduría y Finanzas (EMGE),374 - Estado Mayor General del Ejercito,,"javascript:__doPostBack('ctl00$CPH1$GridListaPliegosAperturaProxima$ctl05$lnkNumeroProceso','')",NO_DIRECT_URL,
46/10-0155-CDI26,SERVICIO DE PROVISIÓN DE AGUA POTABLE EN BIDONES,Contratación Directa,15/10/2026 09:00 Hrs.,Publicado,46/10 - 10° Corrientes - DNV,604 - Dirección Nacional de Vialidad,,"javascript:__doPostBack('ctl00$CPH1$GridListaPliegosAperturaProxima$ctl06$lnkNumeroProceso','')",NO_DIRECT_URL,
38/3-0402-LPU26,REEMPLAZO DE LAS CUBIERTAS DE TEJAS FRANCESAS DEL EDIFICIO CASA JEFES Y OFICIALES (BNPB),Licitación Pública,15/10/2026 09:00 Hrs.,Publicado,38/03 - UOC de la Intendencia Naval Puerto Belgrano - Armada Argentina,379 - Estado Mayor General de la Armada,,"javascript:__doPostBack('ctl00$CPH1$GridListaPliegosAperturaProxima$ctl07$lnkNumeroProceso','')",NO_DIRECT_URL,
84/129-0675-LPU26,"ADQUISICION DE REPUESTOS PARA PROGRAMAS DE MANTENIMIENTO DE 2do NIVEL B ARS 601, 602 Y 603",Licitación Pública,15/10/2026 09:00 Hrs.,Publicado,84/129 - Dirección de Arsenales,374 - Estado Mayor General del Ejercito,,"javascript:__doPostBack('ctl00$CPH1$GridListaPliegosAperturaProxima$ctl08$lnkNumeroProceso','')",NO_DIRECT_URL,
38/6-1207-LPR26,ADQUISICION DE MATERIALES DE CONSTRUCCION P/REPARACION VIV. FISCALES APOSTADERO NAVAL RIO GALLEGOS,Licitación Privada,15/10/2026 09:00 Hrs.,Publicado,38/6 - INTENDENCIA NAVAL USHUAIA,379 - Estado Mayor General de la Armada,,"javascript:__doPostBack('ctl00$CPH1$GridListaPliegosAperturaProxima$ctl09$lnkNumeroProceso','')",NO_DIRECT_URL,
38/22-1123-LPR26,Adquisición de artículos de limpieza para el DEPARTAMENTO GENERAL de la DIAS.,Licitación Privada,15/10/2026 09:00 Hrs.,Publicado,38/22 - Secretaria General de la Armada,379 - Estado Mayor General de la Armada,,"javascript:__doPostBack('ctl00$CPH1$GridListaPliegosAperturaProxima$ctl10$lnkNumeroProceso','')",NO_DIRECT_URL,
38/1-0458-LPU26,Adquisición de OCHO (8) bombas inyectoras marca “L’Orange” para los motores principales .,Licitación Pública,15/10/2026 09:30 Hrs.,Publicado,38/01 - ARSENAL NAVAL PUERTO BELGRANO,379 - Estado Mayor General de la Armada,,"javascript:__doPostBack('ctl00$CPH1$GridListaPliegosAperturaProxima$ctl11$lnkNumeroProceso','')",NO_DIRECT_URL,
37/38-0845-CDI26,SERVICIO DE MANTENIMIENTO Y REPARACION DE VEHICULOS,Contratación Directa,15/10/2026 10:00 Hrs.,Publicado,"37/038 - Escuadrón 20 ""Orán""",375 - Gendarmeria Nacional,,"javascript:__doPostBack('ctl00$CPH1$GridListaPliegosAperturaProxima$ctl02$lnkNumeroProceso','')",NO_DIRECT_URL,
38/15-0475-LPU26,Obtención de víveres secos y condimentos (1er TRIMESTRE 2027) para los destinos con asiento en IBMP,Licitación Pública,15/10/2026 10:00 Hrs.,Publicado,38/15 JEFATURA DE OBTENCION DE LA ARMADA,379 - Estado Mayor General de la Armada,,"javascript:__doPostBack('ctl00$CPH1$GridListaPliegosAperturaProxima$ctl03$lnkNumeroProceso','')",NO_DIRECT_URL,
38/15-0472-LPU26,Obtención de cortes cárnicos para los destinos con asiento en la IBMP (1er Trimestre 2027),Licitación Pública,15/10/2026 10:00 Hrs.,Publicado,38/15 JEFATURA DE OBTENCION DE LA ARMADA,379 - Estado Mayor General de la Armada,,"javascript:__doPostBack('ctl00$CPH1$GridListaPliegosAperturaProxima$ctl04$lnkNumeroProceso','')",NO_DIRECT_URL,
35-0041-LPR26,Curso de Capacitación en Informática Forense,Licitación Privada,15/10/2026 10:00 Hrs.,Publicado,35/000 - Dirección General de Administración - MD,370 - Ministerio de Defensa,,"javascript:__doPostBack('ctl00$CPH1$GridListaPliegosAperturaProxima$ctl05$lnkNumeroProceso','')",NO_DIRECT_URL,
279-0002-LPU26,"Contratación del servicio de limpieza, desinfección y sanitización para los edificios de la PSA",Licitación Pública,15/10/2026 10:00 Hrs.,Publicado,279/000 - Departamento de Compras - PSA,382 - Policia de Seguridad Aeroportuaria,,"javascript:__doPostBack('ctl00$CPH1$GridListaPliegosAperturaProxima$ctl06$lnkNumeroProceso','')",NO_DIRECT_URL,
91-0003-LPU26,Adquisición de una Infraestructura de Red – Equipamiento Telecomunicaciones CONICET,Licitación Pública,15/10/2026 10:00 Hrs.,Publicado,"91/00 - Departamento de Compras, Mantenimiento y Suministros",103 - Consejo Nacional de Investigaciones Científicas y Técnicas,,"javascript:__doPostBack('ctl00$CPH1$GridListaPliegosAperturaProxima$ctl07$lnkNumeroProceso','')",NO_DIRECT_URL,
37/34-0982-CDI26,ADQUISICIÓN DE REPUESTOS PARA MOTOVEHÍCULO,Contratación Directa,15/10/2026 10:00 Hrs.,Publicado,"37/034 - Escuadrón 19 ""Ingeniero Juarez""",375 - Gendarmeria Nacional,,"javascript:__doPostBack('ctl00$CPH1$GridListaPliegosAperturaProxima$ctl08$lnkNumeroProceso','')",NO_DIRECT_URL,
37/130-0230-LPR26,ADQUISICION DE MATERIALES DE ELECTRICIDAD Y DE CONTRUCCION DE LA JEFATURA DE REGION VIII,Licitación Privada,15/10/2026 10:00 Hrs.,Publicado,37/130 JEFATURA DE REGION VIII,375 - Gendarmeria Nacional,,"javascript:__doPostBack('ctl00$CPH1$GridListaPliegosAperturaProxima$ctl09$lnkNumeroProceso','')",NO_DIRECT_URL,
487-0046-LPU26,Adquisición de INSUMOS GENERALES de ODONTOLOGÍA,Licitación Pública,15/10/2026 10:00 Hrs.,Publicado,487 - División Compras y Suministros - Superintendencia de Bienestar de la Policia Federal Argentina,403 - Superintendencia de Bienestar de la Policia Federal Argentina,,"javascript:__doPostBack('ctl00$CPH1$GridListaPliegosAperturaProxima$ctl10$lnkNumeroProceso','')",NO_DIRECT_URL,
38/12-0290-LPU26,"ADQUISICION DE EQUIPO DE COMUNICACIÓN PARA EL BUQUE LOGISTICO A.R.A. ""PATAGONIA"".",Licitación Pública,15/10/2026 10:00 Hrs.,Publicado,38/12 - Comando de la Flota de Mar,379 - Estado Mayor General de la Armada,,"javascript:__doPostBack('ctl00$CPH1$GridListaPliegosAperturaProxima$ctl11$lnkNumeroProceso','')",NO_DIRECT_URL,
38/15-0461-LPU26,"Adquisición de conservas, panificados y queso rallado para los destinos con asiento en IBUS.",Licitación Pública,15/10/2026 10:00 Hrs.,Publicado,38/15 JEFATURA DE OBTENCION DE LA ARMADA,379 - Estado Mayor General de la Armada,,"javascript:__doPostBack('ctl00$CPH1$GridListaPliegosAperturaProxima$ctl02$lnkNumeroProceso','')",NO_DIRECT_URL,
84/135-0593-LPU26,ADQUISICIÓN DE CASCOS DE VUELO HGU 56/P CON MÁSCARA DE PROTECCIÓN MAXILOFACIAL,Licitación Pública,15/10/2026 10:00 Hrs.,Publicado,84/135 - Dirección General de Material,374 - Estado Mayor General del Ejercito,,"javascript:__doPostBack('ctl00$CPH1$GridListaPliegosAperturaProxima$ctl03$lnkNumeroProceso','')",NO_DIRECT_URL,
38/16-1174-LPR26,ADQ. DE LÁCTEOS Y PANIFICADOS CORRESPONDIENTES A 5790 RACIONES HOMBRE DÍA PARA GUARDIA DE BAAZ,Licitación Privada,15/10/2026 10:00 Hrs.,Publicado,38/16 - Licitaciones y Compras - Base Aeronaval Almirante Zar,379 - Estado Mayor General de la Armada,,"javascript:__doPostBack('ctl00$CPH1$GridListaPliegosAperturaProxima$ctl04$lnkNumeroProceso','')",NO_DIRECT_URL,
40/39-0156-LPU26,“Adquisición de Medicación de Alto Costo”,Licitación Pública,15/10/2026 10:00 Hrs.,Publicado,40/039 - UOC DPTO CDR,381 - Estado Mayor General de La Fuerza Aérea,,"javascript:__doPostBack('ctl00$CPH1$GridListaPliegosAperturaProxima$ctl05$lnkNumeroProceso','')",NO_DIRECT_URL,
40/28-0162-LPU26,MANTENIMIENTO Y REPARACIÓN DE BANCO ESTÁTICO Y DE ARRASTRE,Licitación Pública,15/10/2026 11:00 Hrs.,Publicado,"40/028 - AREA DE MATERIAL ""RIO IV""",381 - Estado Mayor General de La Fuerza Aérea,,"javascript:__doPostBack('ctl00$CPH1$GridListaPliegosAperturaProxima$ctl06$lnkNumeroProceso','')",NO_DIRECT_URL,
63-0022-LPU26,"Contratación de un servicio de provisión de cartelería, banners e implementos de comunicación",Licitación Pública,15/10/2026 11:00 Hrs.,Publicado,63/000 - Dirección de Contrataciones - ANSES II,850 - Administración Nacional de la Seguridad Social,,"javascript:__doPostBack('ctl00$CPH1$GridListaPliegosAperturaProxima$ctl07$lnkNumeroProceso','')",NO_DIRECT_URL,
46-0028-LPU26,Adquisición de repuestos de balanzas,Licitación Pública,15/10/2026 11:00 Hrs.,Publicado,46/000 - Coordinación de Licitaciones y Contrataciones - DNV,604 - Dirección Nacional de Vialidad,,"javascript:__doPostBack('ctl00$CPH1$GridListaPliegosAperturaProxima$ctl08$lnkNumeroProceso','')",NO_DIRECT_URL,
84/129-0682-LPU26,ADQUISICIÓN DE INSUMOS Y REPUESTOS PARA EL MANTENIMIENTO DE VEHÍCULOS DEL B ARS 604,Licitación Pública,15/10/2026 11:00 Hrs.,Publicado,84/129 - Dirección de Arsenales,374 - Estado Mayor General del Ejercito,,"javascript:__doPostBack('ctl00$CPH1$GridListaPliegosAperturaProxima$ctl09$lnkNumeroProceso','')",NO_DIRECT_URL,
347-0024-LPU26,Serv de emisión de pasajes aéreos nac e int- terrestres y asistencia al viajero,Licitación Pública,15/10/2026 12:00 Hrs.,Publicado,347/000 - Dirección General de Administración - MS,343 - Ministerio de Seguridad,,"javascript:__doPostBack('ctl00$CPH1$GridListaPliegosAperturaProxima$ctl10$lnkNumeroProceso','')",NO_DIRECT_URL,
44-0010-LPR26,Renovación Sistema SARHA,Licitación Privada,15/10/2026 12:00 Hrs.,Publicado,44/000 - Gerencia de Servicios Centrales - CNV,602 - Comisión Nacional de Valores,,"javascript:__doPostBack('ctl00$CPH1$GridListaPliegosAperturaProxima$ctl11$lnkNumeroProceso','')",NO_DIRECT_URL,
30-0018-CDI26,Locación de UN (1) inmueble sede de la División UNIDAD OPERATIVA FEDERAL SAN ISIDRO,Contratación Directa,15/10/2026 14:00 Hrs.,Publicado,30/00 - División Contrataciones - Policia Federal Argentina,326 - Super Intendencia de la Administracion de la Policia Federal,,"javascript:__doPostBack('ctl00$CPH1$GridListaPliegosAperturaProxima$ctl02$lnkNumeroProceso','')",NO_DIRECT_URL,
368-0006-LPR26,Adquisición de suscripciones para plataforma de colaboración y gestión segura de archivos en la nube,Licitación Privada,15/10/2026 14:00 Hrs.,Publicado,368/000 - Dirección General de Administración - UIF,670 - Unidad de Información Financiera,,"javascript:__doPostBack('ctl00$CPH1$GridListaPliegosAperturaProxima$ctl03$lnkNumeroProceso','')",NO_DIRECT_URL,
37/102-0989-CDI26,ADQUISICION ELEMENTOS DE PROTECCION PERSONAL,Contratación Directa,16/10/2026 08:00 Hrs.,Publicado,37/102 - Destacamento Movil 6,375 - Gendarmeria Nacional,,"javascript:__doPostBack('ctl00$CPH1$GridListaPliegosAperturaProxima$ctl04$lnkNumeroProceso','')",NO_DIRECT_URL,
84/129-0670-LPU26,ADQUISICIÓN DE PINTURAS Y ARTÍCULOS DE FERRETERÍA PARA EL B ARS 604,Licitación Pública,16/10/2026 09:00 Hrs.,Publicado,84/129 - Dirección de Arsenales,374 - Estado Mayor General del Ejercito,,"javascript:__doPostBack('ctl00$CPH1$GridListaPliegosAperturaProxima$ctl05$lnkNumeroProceso','')",NO_DIRECT_URL,
38/3-0409-LPU26,ADQUISICIÓN DE EQUIPOS DE BUCEO DE CIRCUITO CERRADO (COFE),Licitación Pública,16/10/2026 09:00 Hrs.,Publicado,38/03 - UOC de la Intendencia Naval Puerto Belgrano - Armada Argentina,379 - Estado Mayor General de la Armada,,"javascript:__doPostBack('ctl00$CPH1$GridListaPliegosAperturaProxima$ctl06$lnkNumeroProceso','')",NO_DIRECT_URL,
38/37-1147-LPR26,ADQUISICION DE EQUIPAMIENTO ODONTOLOGICO,Licitación Privada,16/10/2026 09:00 Hrs.,Publicado,38/37 - Hospital Naval Puerto Belgrano,379 - Estado Mayor General de la Armada,,"javascript:__doPostBack('ctl00$CPH1$GridListaPliegosAperturaProxima$ctl07$lnkNumeroProceso','')",NO_DIRECT_URL,
74-0024-LPU26,Adquisición de 1 (UNA) Retroexcavadora,Licitación Pública,16/10/2026 09:00 Hrs.,Publicado,74/00 - ADMINISTRACIÓN DE PARQUES NACIONALES - COORDINACIÓN DE CONTRATACIONES,107 - Administración de Parques Nacionales,,"javascript:__doPostBack('ctl00$CPH1$GridListaPliegosAperturaProxima$ctl08$lnkNumeroProceso','')",NO_DIRECT_URL,
38/3-0429-LPU26,ADQUISICIÓN BOTES NEUMÁTICOS,Licitación Pública,16/10/2026 09:00 Hrs.,Publicado,38/03 - UOC de la Intendencia Naval Puerto Belgrano - Armada Argentina,379 - Estado Mayor General de la Armada,,"javascript:__doPostBack('ctl00$CPH1$GridListaPliegosAperturaProxima$ctl09$lnkNumeroProceso','')",NO_DIRECT_URL,
34-0020-LPR26,Servicio de monitoreo de información sobre el sistema de licitaciones de títulos públicos,Licitación Privada,16/10/2026 10:00 Hrs.,Publicado,34/000 - Dirección General de Administración - MHA,357 - Ministerio de Economía,,"javascript:__doPostBack('ctl00$CPH1$GridListaPliegosAperturaProxima$ctl10$lnkNumeroProceso','')",NO_DIRECT_URL,
37/6-0911-CDI26,"SERV DE MANT, REPARACION, LIMP E INSTALACION DE COMPONENTES FALTANTES DE LA RED FIJA CONTRA INCENDIO",Contratación Directa,16/10/2026 10:00 Hrs.,Publicado,"37/006 - Escuela Superior De Gn ""Grl Br D. M.M. Calderón""",375 - Gendarmeria Nacional,,"javascript:__doPostBack('ctl00$CPH1$GridListaPliegosAperturaProxima$ctl11$lnkNumeroProceso','')",NO_DIRECT_URL,
87-0015-LPR26,Contratación del servicio de mantenimiento de ascensores y medios de elevación para el INCAA,Licitación Privada,16/10/2026 10:00 Hrs.,Publicado,"87 - Coordinación de Compras, Contrataciones y Servicios Generales - INCAA",801 - Instituto Nacional de Cine y Artes Audiovisuales - INCAA,,"javascript:__doPostBack('ctl00$CPH1$GridListaPliegosAperturaProxima$ctl02$lnkNumeroProceso','')",NO_DIRECT_URL,
72-0001-CPU26,ADQUISICIÓN DE UN SISTEMA DE SIMULACIÓN DE CIBEROPERACIONES PARA LAS FFAA,Concurso Público,16/10/2026 10:00 Hrs.,Publicado,72/00 - Dirección Administrativa Financiera- EMCFFAA- Dpto de contrataciones,371 - Estado Mayor Conjunto (EMCO),,"javascript:__doPostBack('ctl00$CPH1$GridListaPliegosAperturaProxima$ctl03$lnkNumeroProceso','')",NO_DIRECT_URL,
35-0044-LPR26,Adquisición de electrodomésticos.,Licitación Privada,16/10/2026 10:00 Hrs.,Publicado,35/000 - Dirección General de Administración - MD,370 - Ministerio de Defensa,,"javascript:__doPostBack('ctl00$CPH1$GridListaPliegosAperturaProxima$ctl04$lnkNumeroProceso','')",NO_DIRECT_URL,
38/37-1072-LPR26,"Adquisición de cánulas, catéteres, suturas, tubos endotraqueales y material descartable para el norm",Licitación Privada,16/10/2026 10:00 Hrs.,Publicado,38/37 - Hospital Naval Puerto Belgrano,379 - Estado Mayor General de la Armada,,"javascript:__doPostBack('ctl00$CPH1$GridListaPliegosAperturaProxima$ctl05$lnkNumeroProceso','')",NO_DIRECT_URL,
487-0076-LPU26,Adquisición de ambos y guardapolvos para el Complejo Médico CHURRUCA-VISCA,Licitación Pública,16/10/2026 10:00 Hrs.,Publicado,487 - División Compras y Suministros - Superintendencia de Bienestar de la Policia Federal Argentina,403 - Superintendencia de Bienestar de la Policia Federal Argentina,,"javascript:__doPostBack('ctl00$CPH1$GridListaPliegosAperturaProxima$ctl06$lnkNumeroProceso','')",NO_DIRECT_URL,
40/39-0776-CDI26,“Servicio de Impresión de Formularios”.,Contratación Directa,16/10/2026 10:00 Hrs.,Publicado,40/039 - UOC DPTO CDR,381 - Estado Mayor General de La Fuerza Aérea,,"javascript:__doPostBack('ctl00$CPH1$GridListaPliegosAperturaProxima$ctl07$lnkNumeroProceso','')",NO_DIRECT_URL,
84/8-1440-LPR26,“ADQUISICIÓN DE ROPA DE QUIROFANO PARA EL H GRL 602- HMCM”,Licitación Privada,16/10/2026 10:00 Hrs.,Publicado,84/08 - Hospital General 602 Campo de Mayo,374 - Estado Mayor General del Ejercito,,"javascript:__doPostBack('ctl00$CPH1$GridListaPliegosAperturaProxima$ctl08$lnkNumeroProceso','')",NO_DIRECT_URL,
327-0009-LPU26,Servicio Integral de migración/actualización de la plataforma de comunicaciones Zimbra.,Licitación Pública,16/10/2026 11:00 Hrs.,Publicado,327 - Departamento de Compras y Contrataciones- ANAC,669 - Administración Nacional de Aviación Civil,,"javascript:__doPostBack('ctl00$CPH1$GridListaPliegosAperturaProxima$ctl09$lnkNumeroProceso','')",NO_DIRECT_URL,
80-0063-LPU26,"Provisión de CINACALCET,LETROZOL,MIGALASTAT,NILOTINIB,NITISINONA,PARICALCITOL y SEVELAMER CARBONATO",Licitación Pública,16/10/2026 11:00 Hrs.,Publicado,80/000 - Dirección General de Administración - MS,310 - Ministerio de Salud,,"javascript:__doPostBack('ctl00$CPH1$GridListaPliegosAperturaProxima$ctl10$lnkNumeroProceso','')",NO_DIRECT_URL,
46-0037-LPU26,Concesión de uso precario y exclusivo del espacio rel a la DNV P/ Viandas Desayunos y Meriendas.,Licitación Pública,16/10/2026 11:00 Hrs.,Publicado,46/000 - Coordinación de Licitaciones y Contrataciones - DNV,604 - Dirección Nacional de Vialidad,,"javascript:__doPostBack('ctl00$CPH1$GridListaPliegosAperturaProxima$ctl11$lnkNumeroProceso','')",NO_DIRECT_URL,
68-0036-LPR26,ADQUISICIÓN DE SOFTWARE VARIOS - ANLIS,Licitación Privada,16/10/2026 11:00 Hrs.,Publicado,68/00 - Departamento de Administracion de Bienes - ANLIS,906 - Administración Nacional de Laboratorios e Institutos de Salud “Dr. Carlos Malbrán”,,"javascript:__doPostBack('ctl00$CPH1$GridListaPliegosAperturaProxima$ctl02$lnkNumeroProceso','')",NO_DIRECT_URL,
26-0009-LPR26,Servicio de reparación integral equipo mecánico de torre de enfriamiento de agua,Licitación Privada,16/10/2026 12:00 Hrs.,Publicado,26/000 - Dirección de Compras y Contrataciones - MRE,"307 - Ministerio de Relaciones Exteriores, Comercio Internacional y Culto",,"javascript:__doPostBack('ctl00$CPH1$GridListaPliegosAperturaProxima$ctl03$lnkNumeroProceso','')",NO_DIRECT_URL,
21-0032-LPR26,SERVICIO DE PUESTA A PUNTO Y MANTENIMIENTO DE LOS EQUIPOS DE MICROFILM,Licitación Privada,16/10/2026 12:00 Hrs.,Publicado,21/000 - Dirección General de Administración - DNM,201 - Dirección Nacional de Migraciones,,"javascript:__doPostBack('ctl00$CPH1$GridListaPliegosAperturaProxima$ctl04$lnkNumeroProceso','')",NO_DIRECT_URL,
80-0079-LPU26,Provisión y distribución de sillas de ruedas y andadores en distintas configuraciones para el PFIS,Licitación Pública,16/10/2026 12:00 Hrs.,Publicado,80/000 - Dirección General de Administración - MS,310 - Ministerio de Salud,,"javascript:__doPostBack('ctl00$CPH1$GridListaPliegosAperturaProxima$ctl05$lnkNumeroProceso','')",NO_DIRECT_URL,
68-0037-LPR26,Cont. de un servicio de Sistemas de drenajes y bombeo p/ control de aguas de napa y de lluvia Anlis,Licitación Privada,16/10/2026 12:00 Hrs.,Publicado,68/00 - Departamento de Administracion de Bienes - ANLIS,906 - Administración Nacional de Laboratorios e Institutos de Salud “Dr. Carlos Malbrán”,,"javascript:__doPostBack('ctl00$CPH1$GridListaPliegosAperturaProxima$ctl06$lnkNumeroProceso','')",NO_DIRECT_URL,
66-0018-CDI26,Adquisición de elementos de limpieza - Biológicos,Contratación Directa,16/10/2026 12:00 Hrs.,Publicado,"66/00 - Dirección de Compras, Suministros, Logística y Arquitectura - ANMAT","904 - Administración Nacional de Medicamentos, Alimentos y Tecnología Médica - ANMAT",,"javascript:__doPostBack('ctl00$CPH1$GridListaPliegosAperturaProxima$ctl07$lnkNumeroProceso','')",NO_DIRECT_URL,
76-0024-CDI26,ADQUISICIÓN DE ARTICULOS DE ODONTOLOGIA,Contratación Directa,16/10/2026 12:00 Hrs.,Publicado,76/000 - Gerencia de Administración y Capital Humano - SIGEN,109 - Sindicatura General de la Nación,,"javascript:__doPostBack('ctl00$CPH1$GridListaPliegosAperturaProxima$ctl08$lnkNumeroProceso','')",NO_DIRECT_URL,
83-0003-LPU26,Servicio de Mantenimiento de Bombas de Agua,Licitación Pública,16/10/2026 13:00 Hrs.,Publicado,83/000 - Dirección General de Administración Financiera - MC,337 - Secretaría de Cultura,,"javascript:__doPostBack('ctl00$CPH1$GridListaPliegosAperturaProxima$ctl09$lnkNumeroProceso','')",NO_DIRECT_URL,
52-0040-LPU26,Adquisición de 2 Servidores blade y 72 Módulos de memoria,Licitación Pública,16/10/2026 17:00 Hrs.,Publicado,52 - Coordinación de Compras y Contrataciones - SENASA,623 - Servicio Nacional de Sanidad y Calidad Agroalimentaria,,"javascript:__doPostBack('ctl00$CPH1$GridListaPliegosAperturaProxima$ctl10$lnkNumeroProceso','')",NO_DIRECT_URL,
38/19-1119-LPR26,SICC ADQUISICION DE PRESENTES PROTOCOLARES,Licitación Privada,19/10/2026 07:00 Hrs.,Publicado,38/19 - División Contrataciones del Cuartel General del EMGA,379 - Estado Mayor General de la Armada,,"javascript:__doPostBack('ctl00$CPH1$GridListaPliegosAperturaProxima$ctl11$lnkNumeroProceso','')",NO_DIRECT_URL,
84/77-0685-LPU26,ADQUISICION DE DRONES MICRO- DGCICD,Licitación Pública,19/10/2026 08:00 Hrs.,Publicado,84/77 - Departamento Contaduría y Finanzas (EMGE),374 - Estado Mayor General del Ejercito,,"javascript:__doPostBack('ctl00$CPH1$GridListaPliegosAperturaProxima$ctl02$lnkNumeroProceso','')",NO_DIRECT_URL,
40/39-0301-LPR26,“Adquisición de Pisos Vinílicos para la DGS”,Licitación Privada,19/10/2026 08:00 Hrs.,Publicado,40/039 - UOC DPTO CDR,381 - Estado Mayor General de La Fuerza Aérea,,"javascript:__doPostBack('ctl00$CPH1$GridListaPliegosAperturaProxima$ctl03$lnkNumeroProceso','')",NO_DIRECT_URL,
14-0050-CDI26,MANTENIMIENTO PREVENTIVO DE AUTOELEVADORES DEL AGE,Contratación Directa,19/10/2026 09:00 Hrs.,Publicado,14 - Compras y Contrataciones - CNEA,105 - Comisión Nacional de Energía Atómica,,"javascript:__doPostBack('ctl00$CPH1$GridListaPliegosAperturaProxima$ctl04$lnkNumeroProceso','')",NO_DIRECT_URL,
84/7-0630-LPU26,CONTRATACIÓN DEL SERVICIO ENTRENAMIENTO DE PILOTOS EN SIMULADOR DE VUELO CESSNA GRAND CARAVAN C208,Licitación Pública,19/10/2026 09:00 Hrs.,Publicado,84/07 - Dirección de Aviación de Ejercito - Ejercito Argentino,374 - Estado Mayor General del Ejercito,,"javascript:__doPostBack('ctl00$CPH1$GridListaPliegosAperturaProxima$ctl05$lnkNumeroProceso','')",NO_DIRECT_URL,
38/1-0484-LPU26,Adquisición de UN (1) kit de repuestos para motores diésel Sulzer.,Licitación Pública,19/10/2026 09:30 Hrs.,Publicado,38/01 - ARSENAL NAVAL PUERTO BELGRANO,379 - Estado Mayor General de la Armada,,"javascript:__doPostBack('ctl00$CPH1$GridListaPliegosAperturaProxima$ctl06$lnkNumeroProceso','')",NO_DIRECT_URL,
38/1-0486-LPU26,Adquisición de palo santo en trozos de 300 mm,Licitación Pública,19/10/2026 09:30 Hrs.,Publicado,38/01 - ARSENAL NAVAL PUERTO BELGRANO,379 - Estado Mayor General de la Armada,,"javascript:__doPostBack('ctl00$CPH1$GridListaPliegosAperturaProxima$ctl07$lnkNumeroProceso','')",NO_DIRECT_URL,
74/25-0464-LPR26,Segundo Llamado Licitación Privada 74/25-0367-LPR26 - Reparación y Mantenimiento Planta de Tratamien,Licitación Privada,19/10/2026 10:00 Hrs.,Publicado,74/25 - Parque Nacional Ciervo de los Pantanos,107 - Administración de Parques Nacionales,,"javascript:__doPostBack('ctl00$CPH1$GridListaPliegosAperturaProxima$ctl08$lnkNumeroProceso','')",NO_DIRECT_URL,
38/15-0470-LPU26,Obtención de cortes cárnicos y huevos para los destinos con asiento en la IBBA (1er Trimestre 2027),Licitación Pública,19/10/2026 10:00 Hrs.,Publicado,38/15 JEFATURA DE OBTENCION DE LA ARMADA,379 - Estado Mayor General de la Armada,,"javascript:__doPostBack('ctl00$CPH1$GridListaPliegosAperturaProxima$ctl09$lnkNumeroProceso','')",NO_DIRECT_URL,
40/39-0259-LPR26,Mantenimiento y reparación del equipo de rayos x del I.N.M.A.E,Licitación Privada,19/10/2026 10:00 Hrs.,Publicado,40/039 - UOC DPTO CDR,381 - Estado Mayor General de La Fuerza Aérea,,"javascript:__doPostBack('ctl00$CPH1$GridListaPliegosAperturaProxima$ctl10$lnkNumeroProceso','')",NO_DIRECT_URL,
14-0014-LPR26,INSUMOS PARA DETECTORES DE NEUTRONES,Licitación Privada,19/10/2026 10:00 Hrs.,Publicado,14 - Compras y Contrataciones - CNEA,105 - Comisión Nacional de Energía Atómica,,"javascript:__doPostBack('ctl00$CPH1$GridListaPliegosAperturaProxima$ctl11$lnkNumeroProceso','')",NO_DIRECT_URL,
38/12-0401-LPU26,ADQUISICION SISTEMA SEPARADOR AGUA/ACEITE DE SENTINA PARA CBRO,Licitación Pública,19/10/2026 10:00 Hrs.,Publicado,38/12 - Comando de la Flota de Mar,379 - Estado Mayor General de la Armada,,"javascript:__doPostBack('ctl00$CPH1$GridListaPliegosAperturaProxima$ctl02$lnkNumeroProceso','')",NO_DIRECT_URL,
37/106-0222-LPR26,ADQUISICIÓN DEL SERVICIO DE ALQUILER DE CONTENEDORES MARÍTIMOS Y MODULOS P/ OFICINAS - DINACRIMIN,Licitación Privada,19/10/2026 10:00 Hrs.,Publicado,37/106 - Direccion General De Inteligencia Criminal E Investigaciones,375 - Gendarmeria Nacional,,"javascript:__doPostBack('ctl00$CPH1$GridListaPliegosAperturaProxima$ctl03$lnkNumeroProceso','')",NO_DIRECT_URL,
14-0045-CDI26,ADQUISICIÓN DE INSUMOS PARA LABORATORIO (GSRYN - GASNYA),Contratación Directa,19/10/2026 10:00 Hrs.,Publicado,14 - Compras y Contrataciones - CNEA,105 - Comisión Nacional de Energía Atómica,,"javascript:__doPostBack('ctl00$CPH1$GridListaPliegosAperturaProxima$ctl04$lnkNumeroProceso','')",NO_DIRECT_URL,
92-0013-LPR26,SERVICIO DE ALQUILER DE IMPRESORAS PARA LA BNMM,Licitación Privada,19/10/2026 11:00 Hrs.,Publicado,92 - Departamento de Compras y Contrataciones- BN,116 - Biblioteca Nacional,,"javascript:__doPostBack('ctl00$CPH1$GridListaPliegosAperturaProxima$ctl05$lnkNumeroProceso','')",NO_DIRECT_URL,
68-0011-LPU26,Contratación del Servicio de limpieza edilicia -INE (Alcanzado por el Protocolo del Mercosur),Licitación Pública,19/10/2026 12:00 Hrs.,Publicado,68/00 - Departamento de Administracion de Bienes - ANLIS,906 - Administración Nacional de Laboratorios e Institutos de Salud “Dr. Carlos Malbrán”,,"javascript:__doPostBack('ctl00$CPH1$GridListaPliegosAperturaProxima$ctl06$lnkNumeroProceso','')",NO_DIRECT_URL,
347-0025-LPU26,ADQUISICIÓN DE MUNICIONES DE DIVERSOS CALIBRES CON DESTINO A LAS FUERZAS POLICIALES Y DE SEGURIDAD,Licitación Pública,19/10/2026 12:00 Hrs.,Publicado,347/000 - Dirección General de Administración - MS,343 - Ministerio de Seguridad,,"javascript:__doPostBack('ctl00$CPH1$GridListaPliegosAperturaProxima$ctl07$lnkNumeroProceso','')",NO_DIRECT_URL,
23-0017-LPU26,Adquisición de Equipamiento Tecnológico para la SECRETARÍA GENERAL de la PRESIDENCIAL DE LA NACION.,Licitación Pública,19/10/2026 12:00 Hrs.,Publicado,23/000 - Dirección General de Administración - SG,301 - Secretaria General de la Presidencia de la Nación,,"javascript:__doPostBack('ctl00$CPH1$GridListaPliegosAperturaProxima$ctl08$lnkNumeroProceso','')",NO_DIRECT_URL,
31-0011-LPU25,SERV. READ. DEL POZO DE BOMBEO DE LÍQUIDOS CLOACALES Y PERFILADO DE CANALES PLUVIALES DEL CPF I,Licitación Pública,19/10/2026 16:00 Hrs.,Publicado,31/000 - Direccion de Contrataciones - SPF,331 - Servicio Penitenciario Federal,,"javascript:__doPostBack('ctl00$CPH1$GridListaPliegosAperturaProxima$ctl09$lnkNumeroProceso','')",NO_DIRECT_URL,
84/24-0677-LPU26,"ALQUILER DE EQUIPOS DE FOTOCOPIADO DIGITAL E IMPRESORAS, SU MANTENIMIENTO INTEGRAL E INSUMOS",Licitación Pública,20/10/2026 08:00 Hrs.,Publicado,84/24 - Colegio Militar de la Nación - Compras y Contrataciones,374 - Estado Mayor General del Ejercito,,"javascript:__doPostBack('ctl00$CPH1$GridListaPliegosAperturaProxima$ctl10$lnkNumeroProceso','')",NO_DIRECT_URL,
74/15-0438-LPR26,ADQUISICION DE TRAMPA TIPO PIG BRIG PARA EL PNSQ,Licitación Privada,20/10/2026 08:00 Hrs.,Publicado,74/15 - Parque Nacional Sierra de las Quijadas - Dpto. Administracion,107 - Administración de Parques Nacionales,,"javascript:__doPostBack('ctl00$CPH1$GridListaPliegosAperturaProxima$ctl11$lnkNumeroProceso','')",NO_DIRECT_URL,
37/81-0858-CDI26,ADQUISICION DE ELEMENTOS DE LIBRERÍA,Contratación Directa,20/10/2026 09:00 Hrs.,Publicado,"37/081 - Escuadrón Seguridad ""El Chocon""",375 - Gendarmeria Nacional,,"javascript:__doPostBack('ctl00$CPH1$GridListaPliegosAperturaProxima$ctl02$lnkNumeroProceso','')",NO_DIRECT_URL,
38/12-0352-LPU26,ADQUISICIÓN DE DOS PLANTAS DE TRATAMIENTO DE AGUAS SERVIDAS PARA EL DESTRUCTOR A.R.A. “SARANDI”.,Licitación Pública,20/10/2026 09:00 Hrs.,Publicado,38/12 - Comando de la Flota de Mar,379 - Estado Mayor General de la Armada,,"javascript:__doPostBack('ctl00$CPH1$GridListaPliegosAperturaProxima$ctl03$lnkNumeroProceso','')",NO_DIRECT_URL,
37/81-0855-CDI26,ADQ DE MATERIALES DE CONSTRUCCION Y ELECTRICIDAD,Contratación Directa,20/10/2026 09:00 Hrs.,Publicado,"37/081 - Escuadrón Seguridad ""El Chocon""",375 - Gendarmeria Nacional,,"javascript:__doPostBack('ctl00$CPH1$GridListaPliegosAperturaProxima$ctl04$lnkNumeroProceso','')",NO_DIRECT_URL,
74/4-0446-LPR26,CONTRATACIÓN SERVICIO DE MANTENIMIENTO DE JARDINES,Licitación Privada,20/10/2026 10:00 Hrs.,Publicado,74/04 - Parque Nacional Los Alerces,107 - Administración de Parques Nacionales,,"javascript:__doPostBack('ctl00$CPH1$GridListaPliegosAperturaProxima$ctl05$lnkNumeroProceso','')",NO_DIRECT_URL,
47-0005-LPU26,Contratación seguro para los buques de investigación pesquera del INIDEP,Licitación Pública,20/10/2026 10:00 Hrs.,Publicado,47 - Dpto. de Compras y Servicios- INIDEP,607 - Instituto Nacional de Investigación y Desarrollo Pesquero,,"javascript:__doPostBack('ctl00$CPH1$GridListaPliegosAperturaProxima$ctl06$lnkNumeroProceso','')",NO_DIRECT_URL,
37/69-0046-LPU26,ADQUISICION DE SERVICIOS DE LIMPIEZA PARA LOS PASOS INTERNACIONALES,Licitación Pública,20/10/2026 10:00 Hrs.,Publicado,"37/069 - Escuadrón 43 ""Rio Turbio""",375 - Gendarmeria Nacional,,"javascript:__doPostBack('ctl00$CPH1$GridListaPliegosAperturaProxima$ctl07$lnkNumeroProceso','')",NO_DIRECT_URL,
37/81-0972-CDI26,ADQUISICIÓN DE NEUMÁTICOS,Contratación Directa,20/10/2026 10:00 Hrs.,Publicado,"37/081 - Escuadrón Seguridad ""El Chocon""",375 - Gendarmeria Nacional,,"javascript:__doPostBack('ctl00$CPH1$GridListaPliegosAperturaProxima$ctl08$lnkNumeroProceso','')",NO_DIRECT_URL,
64-0018-LPU26,"Servicio de Internet Simétrico por el término de DOCE (12) meses, para la SRT.",Licitación Pública,20/10/2026 11:00 Hrs.,Publicado,64/000 - Departamento de Compras y Contrataciones- SRT,852 - Superintendencia de Riesgos del Trabajo,,"javascript:__doPostBack('ctl00$CPH1$GridListaPliegosAperturaProxima$ctl09$lnkNumeroProceso','')",NO_DIRECT_URL,
68-0012-LPU26,INSTALACION DE ALAMBRADO Y DEFORESTACIÓN EN CAMPO ANEXO - INPB (ALCANZADO POR PROTOCOLO MERCOSUR),Licitación Pública,20/10/2026 11:00 Hrs.,Publicado,68/00 - Departamento de Administracion de Bienes - ANLIS,906 - Administración Nacional de Laboratorios e Institutos de Salud “Dr. Carlos Malbrán”,,"javascript:__doPostBack('ctl00$CPH1$GridListaPliegosAperturaProxima$ctl10$lnkNumeroProceso','')",NO_DIRECT_URL,
68-0010-LPU26,SERVICIO DE SEGURIDAD Y VIGILANCIA EN CAMPO DE INMUNIZACIONES MARCOS PAZ - INPB,Licitación Pública,20/10/2026 12:00 Hrs.,Publicado,68/00 - Departamento de Administracion de Bienes - ANLIS,906 - Administración Nacional de Laboratorios e Institutos de Salud “Dr. Carlos Malbrán”,,"javascript:__doPostBack('ctl00$CPH1$GridListaPliegosAperturaProxima$ctl11$lnkNumeroProceso','')",NO_DIRECT_URL,
66-0014-LPR26,Servicio de reparación de equipos generales - LNC INAME OCA,Licitación Privada,20/10/2026 12:00 Hrs.,Publicado,"66/00 - Dirección de Compras, Suministros, Logística y Arquitectura - ANMAT","904 - Administración Nacional de Medicamentos, Alimentos y Tecnología Médica - ANMAT",,"javascript:__doPostBack('ctl00$CPH1$GridListaPliegosAperturaProxima$ctl02$lnkNumeroProceso','')",NO_DIRECT_URL,
66-0012-LPR26,Adquisición de Compuestos Químicos - Biologicos,Licitación Privada,20/10/2026 12:00 Hrs.,Publicado,"66/00 - Dirección de Compras, Suministros, Logística y Arquitectura - ANMAT","904 - Administración Nacional de Medicamentos, Alimentos y Tecnología Médica - ANMAT",,"javascript:__doPostBack('ctl00$CPH1$GridListaPliegosAperturaProxima$ctl03$lnkNumeroProceso','')",NO_DIRECT_URL,
35-0016-LPU26,Adquisición de licencias de suite de software cartográfico e hidrográfico.,Licitación Pública,21/10/2026 08:00 Hrs.,Publicado,35/000 - Dirección General de Administración - MD,370 - Ministerio de Defensa,,"javascript:__doPostBack('ctl00$CPH1$GridListaPliegosAperturaProxima$ctl04$lnkNumeroProceso','')",NO_DIRECT_URL,
39-0039-LPU26,REPARACIÓN INTEGRAL DEL GUARDACOSTAS PNA GC-65 “MARTÍN GARCIA”.,Licitación Pública,21/10/2026 09:00 Hrs.,Publicado,39 - Dirección General de Administración- PNA,380 - Prefectura Naval Argentina,,"javascript:__doPostBack('ctl00$CPH1$GridListaPliegosAperturaProxima$ctl05$lnkNumeroProceso','')",NO_DIRECT_URL,
38/12-0222-LPU26,ADQUISICIÓN DE BOMBAS KSB MEKO-140,Licitación Pública,21/10/2026 09:00 Hrs.,Publicado,38/12 - Comando de la Flota de Mar,379 - Estado Mayor General de la Armada,,"javascript:__doPostBack('ctl00$CPH1$GridListaPliegosAperturaProxima$ctl06$lnkNumeroProceso','')",NO_DIRECT_URL,
38/12-0375-LPU26,"ADQUISICIÓN PARA EL REEMPLAZO DEL SISTEMA DE MONITOREO DE EQUIPOS PARA LA CORBETA A.R.A ""ROSALES""",Licitación Pública,21/10/2026 09:30 Hrs.,Publicado,38/12 - Comando de la Flota de Mar,379 - Estado Mayor General de la Armada,,"javascript:__doPostBack('ctl00$CPH1$GridListaPliegosAperturaProxima$ctl07$lnkNumeroProceso','')",NO_DIRECT_URL,
92-0006-LPU26,DIGITALIZACIÓN DEL ARCHIVO DE PUBLICACIONES PERIÓDICAS DE LA EDITORIAL SARMIENTO,Licitación Pública,21/10/2026 11:00 Hrs.,Publicado,92 - Departamento de Compras y Contrataciones- BN,116 - Biblioteca Nacional,,"javascript:__doPostBack('ctl00$CPH1$GridListaPliegosAperturaProxima$ctl08$lnkNumeroProceso','')",NO_DIRECT_URL,
21-0020-LPU26,REFUNCIONALIZACIÓN DE LA DELEGACIÓN SAN LUIS DE LA DIRECCIÓN NACIONAL DE MIGRACIONES,Licitación Pública,21/10/2026 12:00 Hrs.,Publicado,21/000 - Dirección General de Administración - DNM,201 - Dirección Nacional de Migraciones,,"javascript:__doPostBack('ctl00$CPH1$GridListaPliegosAperturaProxima$ctl09$lnkNumeroProceso','')",NO_DIRECT_URL,
78-0010-LPU26,Adquisición de sobres para ensobrado manual de pasaportes y DNI,Licitación Pública,21/10/2026 12:00 Hrs.,Publicado,78/000 - División Compras,200 - Registro Nacional de las Personas,,"javascript:__doPostBack('ctl00$CPH1$GridListaPliegosAperturaProxima$ctl10$lnkNumeroProceso','')",NO_DIRECT_URL,
315-0013-LPU26,Servicio de remodelación edificio sito en la Avenida Presidente Julio Argentino Roca N°694,Licitación Pública,22/10/2026 11:00 Hrs.,Publicado,315/000 - Dirección General de Administración - MP,362 - Ministerio de Desarrollo Productivo,,"javascript:__doPostBack('ctl00$CPH1$GridListaPliegosAperturaProxima$ctl11$lnkNumeroProceso','')",NO_DIRECT_URL,
64-0013-LPU26,Contratación de un servicio de vigilancia para las Comisiones Médicas,Licitación Pública,22/10/2026 11:00 Hrs.,Publicado,64/000 - Departamento de Compras y Contrataciones- SRT,852 - Superintendencia de Riesgos del Trabajo,,"javascript:__doPostBack('ctl00$CPH1$GridListaPliegosAperturaProxima$ctl02$lnkNumeroProceso','')",NO_DIRECT_URL,
21-0034-LPR26,SERVICIO DE PUESTA A PUNTO Y MANTENIMIENTO DE ASCENSORES DE LA DNM,Licitación Privada,22/10/2026 12:00 Hrs.,Publicado,21/000 - Dirección General de Administración - DNM,201 - Dirección Nacional de Migraciones,,"javascript:__doPostBack('ctl00$CPH1$GridListaPliegosAperturaProxima$ctl03$lnkNumeroProceso','')",NO_DIRECT_URL,
50-0013-CDI26,Adquisición de artículos de papelería y cartón,Contratación Directa,23/10/2026 17:00 Hrs.,Publicado,50 - Departamento de Compras y Contrataciones,614 - Instituto Nacional de Semillas,,"javascript:__doPostBack('ctl00$CPH1$GridListaPliegosAperturaProxima$ctl04$lnkNumeroProceso','')",NO_DIRECT_URL,
84/135-0584-LPU26,ADQUISICIÓN DE GAFAS DE VISIÓN NOCTURNA PARA TRIPULACIONES AÉREAS Y MONTANTES PARA CASCOS DE VUELO.,Licitación Pública,26/10/2026 09:00 Hrs.,Publicado,84/135 - Dirección General de Material,374 - Estado Mayor General del Ejercito,,"javascript:__doPostBack('ctl00$CPH1$GridListaPliegosAperturaProxima$ctl05$lnkNumeroProceso','')",NO_DIRECT_URL,
78-0011-LPU26,"Contratación del servicio de mantenimiento, reparación e instalación de aires acondicionados.",Licitación Pública,26/10/2026 12:00 Hrs.,Publicado,78/000 - División Compras,200 - Registro Nacional de las Personas,,"javascript:__doPostBack('ctl00$CPH1$GridListaPliegosAperturaProxima$ctl06$lnkNumeroProceso','')",NO_DIRECT_URL,
160-0003-LPR26,"CONTRATACIÓN DE UN SERVICIO DE IMPRESIÓN, COPIADO Y DIGITALIZACIÓN DE DOCUMENTOS",Licitación Privada,26/10/2026 14:00 Hrs.,Publicado,160 - Gestión de compras- TTN,612 - Tribunal de Tasaciones de la Nación,,"javascript:__doPostBack('ctl00$CPH1$GridListaPliegosAperturaProxima$ctl07$lnkNumeroProceso','')",NO_DIRECT_URL,
37/2-0060-LPU26,SERVICIO DE MANTENIMIENTO Y REPARACIÓN DE LOS ASCENSORES Y MONTACARGAS DE LA GUARNICIÓN CENTINELA,Licitación Pública,27/10/2026 10:00 Hrs.,Publicado,37/002 - Unidad Tecnica Administrativa Contable Digeapoyo,375 - Gendarmeria Nacional,,"javascript:__doPostBack('ctl00$CPH1$GridListaPliegosAperturaProxima$ctl08$lnkNumeroProceso','')",NO_DIRECT_URL,
83-0004-LPU26,Servicio de mantenimiento preventivo y correctivo de aires acondicionados,Licitación Pública,30/10/2026 13:00 Hrs.,Publicado,83/000 - Dirección General de Administración Financiera - MC,337 - Secretaría de Cultura,,"javascript:__doPostBack('ctl00$CPH1$GridListaPliegosAperturaProxima$ctl09$lnkNumeroProceso','')",NO_DIRECT_URL,
14-0007-LPU26,ADQUISICIÓN DE TAMBORES METÁLICOS NUEVOS DE 200 LITROS (GASNYA),Licitación Pública,02/11/2026 10:00 Hrs.,Publicado,14 - Compras y Contrataciones - CNEA,105 - Comisión Nacional de Energía Atómica,,"javascript:__doPostBack('ctl00$CPH1$GridListaPliegosAperturaProxima$ctl10$lnkNumeroProceso','')",NO_DIRECT_URL,
31-0074-LPU24,ADQUISICIÓN DE MEDICAMENTOS DESTINADOS ABASTECER LAS NECESIDADES DEL SPF,Licitación Pública,04/11/2026 11:00 Hrs.,Publicado,31/000 - Direccion de Contrataciones - SPF,331 - Servicio Penitenciario Federal,,"javascript:__doPostBack('ctl00$CPH1$GridListaPliegosAperturaProxima$ctl11$lnkNumeroProceso','')",NO_DIRECT_URL,
92-0005-LPU26,SERVICIO ANUAL DE MANTENIMIENTO PREVENTIVO DE LOS EQUIPOS DE AIRE ACONDICIONADO DEL MUSEO DEL LIBRO.,Licitación Pública,05/11/2026 11:00 Hrs.,Publicado,92 - Departamento de Compras y Contrataciones- BN,116 - Biblioteca Nacional,,"javascript:__doPostBack('ctl00$CPH1$GridListaPliegosAperturaProxima$ctl02$lnkNumeroProceso','')",NO_DIRECT_URL,
46-0031-LPU26,Adquisición de repuestos de ferretería,Licitación Pública,09/11/2026 11:00 Hrs.,Publicado,46/000 - Coordinación de Licitaciones y Contrataciones - DNV,604 - Dirección Nacional de Vialidad,,"javascript:__doPostBack('ctl00$CPH1$GridListaPliegosAperturaProxima$ctl03$lnkNumeroProceso','')",NO_DIRECT_URL,
46/7-0141-CDI26,"Elementos para mant. y reparación - Puestos contadores de Transito, Rutas Nacionales - SANTA FE",Contratación Directa,13/11/2026 11:00 Hrs.,Publicado,46/07 - 7° Santa Fe - DNV,604 - Dirección Nacional de Vialidad,,"javascript:__doPostBack('ctl00$CPH1$GridListaPliegosAperturaProxima$ctl04$lnkNumeroProceso','')",NO_DIRECT_URL,
